user_id,ks_count,ks_rate,dwell_mean,dwell_std,flight_mean,flight_std,digraph_mean,digraph_std,backspace_rate,accuracy,wps,wpm
user1,52,3.992278946514372,0.15342915975130522,0.11337764455573635,0.09895736563439463,0.17038838359736544,0.2537747130674474,0.14868806126237344,0.038461538461538464,22.22222222222222,0.6909713561274875,41.45828136764925
user1,47,3.1108494701352054,0.19407641126754435,0.20781955148164355,0.13014830713686737,0.19566212447813827,0.32620749266251275,0.2102071037064888,0.0,22.22222222222222,0.5956945793875925,35.74167476325555
user1,55,3.1044010560469637,0.1536044640974565,0.14008725920837345,0.17163958372893157,0.27204880510777363,0.32595449023776585,0.23021367774258655,0.07272727272727272,22.22222222222222,0.5079929000804122,30.479574004824734
user1,63,2.9716862758231737,0.2167994635445731,0.3184827752329114,0.12164061684762278,0.2653516510397689,0.3403511085817891,0.28298086213613644,0.047619047619047616,77.77777777777779,0.424526610831882,25.471596649912918
user1,58,2.9924380519672398,0.16856390854408002,0.15421655602780054,0.16851723403261418,0.2778845740553028,0.33792416254679364,0.23238678936040236,0.034482758620689655,88.88888888888889,0.4643438356500889,27.860630139005334
user1,58,3.0473970101766956,0.19474070950558311,0.2023302670215289,0.1304637917450496,0.20395515608802403,0.33191872479622825,0.20333250938546815,0.034482758620689655,88.88888888888889,0.47287194985500447,28.372316991300266
user1,54,3.0565282328348737,0.2001439862781101,0.21561610950306276,0.12942128361396069,0.20795193714928345,0.3311487863648613,0.19431614249910037,0.018518518518518517,11.11111111111111,0.5094213721391456,30.565282328348736
user1,60,2.462741429688451,0.17943127950032553,0.15635519737674353,0.23046130245014773,0.3368020812075835,0.4112433579008458,0.28776505990615003,0.03333333333333333,100.0,0.36941121445326763,22.164672867196057
user1,55,2.771652477680365,0.1878312891179865,0.21523914943636918,0.17616734681306062,0.25413574839074665,0.3653923449692903,0.20304076783785835,0.01818181818181818,100.0,0.45354313271133245,27.212587962679947
user1,57,2.9018446785564027,0.17844024457429586,0.19805826365484813,0.16913542577198573,0.29678383511664724,0.34885156580380033,0.275587040246098,0.03508771929824561,100.0,0.4581860018773268,27.491160112639605
user1,56,2.897761157395897,0.18903684616088867,0.19326785259761883,0.15889456055381082,0.22804820840879778,0.34959099942987615,0.1884828219548302,0.017857142857142856,88.88888888888889,0.4657116145814834,27.942696874889005
user1,55,2.883509785666891,0.18868777535178444,0.2546099112984784,0.16103980717835603,0.2396778011410711,0.35120000662627043,0.2703546020650334,0.01818181818181818,100.0,0.4718470558364004,28.310823350184023
user1,60,3.440732348718625,0.18718364238739013,0.2018132047799421,0.10520558438058626,0.18717185654765822,0.2940328848564019,0.18053942544378124,0.05,88.88888888888889,0.5161098523077938,30.966591138467628
user1,69,3.0917192933546986,0.19427664038063824,0.18438683650966345,0.13106751792571125,0.26070899040834167,0.32683291154749256,0.25420290243913435,0.08695652173913043,88.88888888888889,0.40326773391583026,24.196064034949817
user1,112,4.772840687883072,0.15902488520651153,0.139103716507893,0.15660276412963867,0.23279147521137722,0.2106613640312676,0.20821193728896042,0.25892857142857145,88.88888888888889,0.38353184099060394,23.011910459436237
user1,53,3.1919433803306356,0.19411819835878769,0.22777540030305646,0.12146230844350961,0.16541762999374582,0.3174646496772766,0.17792674086679183,0.0,100.0,0.5420281211882212,32.521687271293274
user1,59,3.0663787328394534,0.18786002417742195,0.1591300553075134,0.14064130289801235,0.23024437745409215,0.3297855031901392,0.20108223503026404,0.03389830508474576,100.0,0.4677526880602556,28.065161283615335
user1,65,3.4812483604420534,0.17327225391681378,0.14977636150928522,0.11576197668910027,0.19253010276352053,0.2895640805363655,0.16185505010568166,0.09230769230769231,88.88888888888889,0.4820190037535151,28.921140225210905
user1,58,3.1231316177364823,0.2114521676096423,0.2292807388272532,0.1106469756678531,0.18825256097733054,0.3238605867352402,0.19758836808549013,0.034482758620689655,100.0,0.48462387171772997,29.077432303063798
user1,6,5.201120420854312,0.25501260757446287,0.3630370945870941,-0.046429991722106934,0.2567363244329065,0.22109041213989258,0.15152339992655076,0.0,0.0,7.801680631281467,468.100837876888
user1,58,2.0269222203936264,0.19008424364287277,0.22227589473308781,0.30859520560816717,0.9447097925381718,0.4998803389699836,0.9309340709409146,0.017241379310344827,77.77777777777779,0.3145224135093558,18.871344810561347
user1,59,3.3461863554383338,0.17770444740683344,0.16425760787826027,0.12323190014937828,0.2005861142344799,0.30225687191404144,0.18387503052848592,0.05084745762711865,77.77777777777779,0.5104352067617798,30.626112405706788
user1,62,3.00473002580783,0.18014954366991598,0.16002713405620284,0.15516166608841692,0.27501136108087865,0.33804277904698105,0.22672625245439,0.06451612903225806,100.0,0.4361704876172656,26.17022925703594
user1,53,3.3137044786415624,0.1935523680920871,0.23648366278949468,0.11030593743691078,0.21926789060794755,0.30598114545528704,0.2017543105620417,0.03773584905660377,33.33333333333333,0.5627045341089445,33.76227204653667
user1,58,3.2639545100628755,0.16810003231311665,0.13610975304685116,0.1407026951773125,0.19691836599280416,0.3101228831107156,0.148730071576275,0.034482758620689655,100.0,0.5064756998373428,30.388541990240565
user1,56,3.3399461362090874,0.18301177024841309,0.17554613323743593,0.11851051503961736,0.20724980329161136,0.30311116305264557,0.1511743656991212,0.017857142857142856,100.0,0.5367770576050319,32.20662345630191
user1,53,3.42649975376159,0.17849948721111947,0.16458124816647252,0.11552320535366352,0.21628155730180765,0.2955230291073139,0.18476692967929068,0.0,100.0,0.5818584487519681,34.91150692511809
user1,54,3.4114845923988164,0.17291934843416568,0.15128161696828654,0.12247624487247107,0.20088485303380063,0.2977023034725549,0.16248116784453065,0.0,88.88888888888889,0.5685807653998027,34.11484592398816
user1,55,3.669519597396645,0.17732085314663973,0.1630665470206446,0.0969572420473452,0.1979540508937828,0.2753250731362237,0.18465613210307238,0.0,88.88888888888889,0.60046684321036,36.028010592621605
user1,57,3.2055342858421985,0.1672726932324861,0.1490203686664404,0.14727149265153067,0.2431892074030536,0.31539002486637663,0.19450383734086593,0.03508771929824561,100.0,0.5061369925013998,30.368219550083985
user1,58,2.8232065071045236,0.1709054790694138,0.14974783792929233,0.18651751468056127,0.27485551469986574,0.35910543642546,0.26723965333367716,0.034482758620689655,77.77777777777779,0.43808376834380536,26.285026100628322
user6,154,0.5950534156316969,0.19596847130434356,0.14168352541818344,1.6908882383038015,4.343864580935942,1.6904748576918458,4.109051400115387,0.2012987012987013,88.88888888888889,0.03477584896548878,2.0865509379293266
user6,100,2.19048737464612,0.139674631988301,0.09742725123644012,0.5027099225058484,0.7585765857882304,0.46013407032899184,0.6696667882748604,0.07,100.0,0.19714386371815082,11.828631823089049
user6,141,2.681022808462354,0.15383972207160845,0.10959826383366528,0.516883134841919,1.5436462096949481,0.37501691579818724,1.1486028020021046,0.05673758865248227,88.88888888888889,0.17112911543376727,10.267746926026037
user6,109,4.311782713128994,0.15421611187504788,0.09839380632844215,0.2814017915725708,0.4161403527036392,0.2329566059289155,0.3312562181583047,0.01834862385321101,11.11111111111111,0.3560187561299169,21.361125367795015
user6,68,2.1194837850568558,0.19910100759085964,0.14929979072346722,0.3373937154638356,0.976791691651494,0.4768987342492858,0.9018175255063982,0.014705882352941176,88.88888888888889,0.2805199127281132,16.831194763686792
user6,196,3.6501709980082038,0.16591706982365362,0.12486752745236375,0.2896636044867685,0.6331997016031276,0.2746582764845628,0.4882774648208598,0.14285714285714285,100.0,0.16760989276568283,10.05659356594097
user6,94,3.400703378328345,0.17889922857284546,0.12838982846452082,0.2598070572998564,0.45264247258426443,0.295657919299218,0.3757959340594831,0.031914893617021274,100.0,0.32559925962718195,19.535955577630915
user6,102,2.7431470472571555,0.17078674832979837,0.11594531414163303,0.3165325379707444,0.6943411003020065,0.36693681348668467,0.5874364439243926,0.0784313725490196,77.77777777777779,0.2420423865226902,14.522543191361411
user6,82,3.044173086492441,0.17989991141147302,0.13184627091210518,0.2467071016629537,0.4198645170524952,0.3305854473584964,0.36052062852148054,0.04878048780487805,100.0,0.3341165582735606,20.046993496413638
user6,70,2.450259633336101,0.17583831772208214,0.12988115134298678,0.2640650953565325,0.548423392406233,0.41239122722459876,0.4817494150066903,0.07142857142857142,88.88888888888889,0.3150333814289273,18.902002885735637
user6,57,2.750024069507354,0.1781195913042341,0.15423930932144064,0.18612112998962402,0.3777658275839616,0.36825925963265554,0.3269426715613524,0.017543859649122806,77.77777777777779,0.43421432676431904,26.05285960585914
user6,78,3.315885199703719,0.18680503039524474,0.14915456354783807,0.20266737435993395,0.3604991137373418,0.30405982438620033,0.29979162459167685,0.02564102564102564,100.0,0.3826021384273522,22.95612830564113
user6,61,1.7731546924137025,0.16800910918439022,0.12643558511641123,0.40255676905314125,0.7150641696720372,0.5717652599016826,0.671316418987311,0.06557377049180328,88.88888888888889,0.26161298740530037,15.696779244318023
user6,59,2.0997890325128568,0.1847750938544839,0.14275059076940919,0.2964884536019687,1.0106066185039941,0.48182836072198276,0.9761370466083797,0.05084745762711865,66.66666666666666,0.3203068015697578,19.21840809418547
user6,61,2.725077663142339,0.17868981271419884,0.12417602844271021,0.2345595909998967,0.5458919443281053,0.3719943523406982,0.46888197976123364,0.0,88.88888888888889,0.4020606388242795,24.12363832945677
user6,55,2.997308555611434,0.1807146419178356,0.14356946735769827,0.15574982431199816,0.3605510051981355,0.3384134990197641,0.2783630556595284,0.01818181818181818,100.0,0.4904686727364165,29.428120364184988
user6,70,2.7773242415712525,0.1719959071188262,0.12829869128906446,0.2043319188631498,0.36592424207852964,0.36504825992860657,0.31402642762783606,0.17142857142857143,55.55555555555556,0.3570845453448753,21.42507272069252
user6,98,2.7864190754120997,0.17904623080108126,0.13242337765945922,0.39400539727046574,0.8473205770722518,0.36162786139655356,0.6760981537424601,0.030612244897959183,88.88888888888889,0.2558956293745806,15.353737762474836
user6,64,2.5785969639859276,0.17039018124341965,0.13516503670340987,0.22086868588886563,0.3888889721612197,0.3925774135286846,0.3394199920947235,0.078125,100.0,0.36261519806052106,21.756911883631265
user6,76,2.256448218428154,0.149518210636942,0.10838683928433768,0.2975715668996175,0.4836452201483891,0.4484593486785889,0.438473240756127,0.13157894736842105,100.0,0.267210973234913,16.03265839409478
user6,70,2.6195245895869266,0.16060154438018798,0.11381714908161755,0.2243521455405415,0.36819653976696076,0.3859688510065493,0.3157671314781137,0.11428571428571428,100.0,0.33679601866117626,20.207761119670575
user6,67,2.5438021383685956,0.1710934852486226,0.13602121823070581,0.22538277235898105,0.43172585972821514,0.3974934130003958,0.3858154521204619,0.08955223880597014,100.0,0.34170476485548296,20.502285891328977
user6,65,4.3705464888816845,0.18122422032886082,0.13646677017319134,0.18392632348196847,0.4240160994656744,0.22762423381209373,0.30930657284858887,0.06153846153846154,44.44444444444444,0.6051525907682332,36.309155446093996
user6,62,1.574767601936751,0.1668403802379485,0.11572063421182208,0.4758489366437568,0.8810768499974195,0.6426707799317407,0.8465175741775762,0.08064516129032258,88.88888888888889,0.2285952970553348,13.715717823320087
user6,67,2.2954342859138714,0.17691687683560955,0.13264983980555864,0.26265069210168085,0.531104576632509,0.4408510345401186,0.47270758094741233,0.08955223880597014,100.0,0.3083419190033559,18.500515140201355
user6,73,2.3749928114362353,0.16227628787358603,0.1223412057056696,0.2611321227651247,0.3939458402470714,0.42601364850997925,0.3483767246113629,0.1232876712328767,100.0,0.2928073329167961,17.568439975007767
user6,109,3.9341975263129108,0.16181597276167436,0.11506813477637969,0.2979876200358073,0.6504955975266882,0.25582746002409196,0.4794962183555246,0.009174311926605505,100.0,0.3248419975854697,19.490519855128184
user6,50,2.4725558528983766,0.17193358898162842,0.12653970027354877,0.23725123794711367,0.5216252879392033,0.40959366486997023,0.4606454758491461,0.04,22.22222222222222,0.44506005352170774,26.703603211302465
user6,53,2.6175822763847467,0.1736442323000926,0.1333994425527439,0.21239514992787287,0.4376582261611423,0.3876382433451139,0.37868668289739166,0.0,100.0,0.4444951035370325,26.66970621222195
user6,80,2.4432301087120734,0.16943974364293765,0.12512375652835636,0.27318929301367867,0.4268383231911008,0.4131494926500924,0.38133300029356143,0.1125,100.0,0.2748633872301082,16.491803233806493
user6,56,2.346214458709318,0.1769320751939501,0.1375715333004274,0.2538189021023837,0.44036309936491125,0.43235200968655674,0.36306957227410547,0.017857142857142856,100.0,0.3770701808639975,22.62421085183985
user6,61,2.3364559556542237,0.17625035223413688,0.13770018108590917,0.2559441049893697,0.4578561775449068,0.43255999088287356,0.4015761955609628,0.04918032786885246,100.0,0.3447230098506232,20.68338059103739
user1,18,0.1348218884911395,0.431624624464247,0.29442352119625775,7.396484417073867,14.76111533086497,7.84690193568959,14.629093669211695,0.0,0.0,0.06741094424556975,4.044656654734185
user3,55,3.8040056853288484,0.14632543217052113,0.11599212713658107,0.11871378510086625,0.18522499107174595,0.2667216724819607,0.15288037404100027,0.01818181818181818,100.0,0.6224736575992661,37.34841945595596
user3,75,3.611550931421567,0.1488261107475527,0.15035999576723078,0.17484209576591117,0.43073781589108057,0.2796848980156151,0.380601465134091,0.0,77.77777777777779,0.43338611177058806,26.003166706235284
user3,68,3.713892941609519,0.1367972633417915,0.12252158413992303,0.13443902357300716,0.2573992639026776,0.27226354115044893,0.2319112993517853,0.10294117647058823,88.88888888888889,0.491544654036554,29.49267924219324
user3,60,3.748502528603534,0.1594509204228719,0.15786333228193494,0.10914129725957321,0.20496363207329796,0.27022379535739705,0.15932751210579532,0.05,88.88888888888889,0.5622753792905301,33.73652275743181
user3,68,2.5103644266676133,0.14339952609118292,0.11715576459595771,0.2587542213610749,0.8653034251945445,0.40342203894657874,0.8474988101488393,0.07352941176470588,100.0,0.332254115294243,19.935246917654577
user3,76,3.6091623353287035,0.11288002795643276,0.07002465676654668,0.17359426323796662,0.2527097099757118,0.28013026555379233,0.22380714388126915,0.11842105263157894,100.0,0.42740080286787274,25.644048172072363
user3,90,0.8390989679864089,0.1273736450034128,0.11042126745640878,1.373662679536002,9.40552426400681,1.204228406541803,8.354814482690557,0.08888888888888889,100.0,0.08390989679864089,5.034593807918453
user3,85,4.135420765413467,0.1322477166081818,0.14761704474684753,0.1393564530781337,0.27530350191503494,0.24382650568371728,0.20223644807753138,0.09411764705882353,100.0,0.43786808104377883,26.27208486262673
user3,78,4.588327120932433,0.11247254761172013,0.09676560184078091,0.1187159470149449,0.17399318936303254,0.21983045726627498,0.14210019984375727,0.10256410256410256,88.88888888888889,0.5294223601075884,31.7653416064553
user3,112,3.9479187278552965,0.1089088846655453,0.08986007237354271,0.16289081667909527,0.2610172273797293,0.25485219611777915,0.23640329627335932,0.1875,100.0,0.3172434692026578,19.034608152159468
user3,55,3.906414464732665,0.12386515736579895,0.10644409745461,0.1580974446966293,0.2877800539869938,0.2594812446170383,0.25933896452744154,0.0,77.77777777777779,0.6392314578653452,38.353887471920714
user3,85,3.013392697152157,0.12187444645425548,0.08840030912283973,0.27638907642925487,0.9366217361744671,0.3351259884380159,0.8371288922118398,0.08235294117647059,100.0,0.3190651091102284,19.143906546613703
user3,79,3.6211871447567496,0.13054134394671466,0.12503731428075923,0.1578265216252575,0.22795937452429468,0.27857483044648784,0.1953456836399811,0.11392405063291139,100.0,0.4125403076305158,24.75241845783095
user3,59,3.7262940372669555,0.13259530067443848,0.10744363901107055,0.1381086727668499,0.21447714597844214,0.27201939040216905,0.17007565842143527,0.05084745762711865,100.0,0.5684177344983491,34.10506406990095
user3,78,4.124068210380407,0.13068317969640095,0.10915976248154795,0.1615973286709543,0.24738953924457277,0.2448906712717824,0.21579572571260067,0.038461538461538464,100.0,0.4758540242746623,28.551241456479737
user3,99,4.024244274195417,0.14476212641087974,0.16444615120623945,0.13848644421424394,0.2739524563427783,0.2502270158456296,0.2174007299478807,0.20202020202020202,100.0,0.36584038856321976,21.950423313793188
user3,72,3.989198473972171,0.12398476733101739,0.1019776911656501,0.12847655256029586,0.19785171195242657,0.2532996963447248,0.1657448956537777,0.125,88.88888888888889,0.49864980924652136,29.91898855479128
user3,63,3.5265837647276004,0.15143848720349765,0.13281532014179023,0.15280421716826303,0.3212659721869783,0.28724720785694735,0.2685900437292427,0.015873015873015872,100.0,0.5037976806753715,30.227860840522286
user3,110,3.5583259548192148,0.1284178392386731,0.10977355607258805,0.2265405237674713,0.6764246393602762,0.28309211380984806,0.5813016909383819,0.1,88.88888888888889,0.29113575993975394,17.468145596385234
user3,137,4.511455749804884,0.13498579482642972,0.1266758474273639,0.1438902530473532,0.28159098896047263,0.2228897091220407,0.23722035706240455,0.22627737226277372,100.0,0.2963730054616347,17.782380327698082
user3,65,2.0902369494937187,0.1259292999903361,0.10087908550014626,0.3802332029504291,1.3170803255596173,0.4851345419883728,1.2550944921197886,0.046153846153846156,100.0,0.28941742377605334,17.3650454265632
user3,66,3.8002532632146884,0.1468259926998254,0.14461227551702607,0.1181038159590501,0.2081024372587516,0.2661969881791335,0.15705364051950063,0.09090909090909091,100.0,0.5182163540747302,31.092981244483813
user3,77,4.786136932416739,0.12341522016832905,0.09226554967393255,0.12231623540159131,0.2318467232723556,0.21126854733416908,0.2019617907215252,0.05194805194805195,100.0,0.5594186024902682,33.56511614941609
user3,103,3.5783228534913527,0.12807895476559558,0.11872663438485874,0.19018297079132823,0.32055342950893506,0.2815796604343489,0.2779123227476351,0.1650485436893204,100.0,0.3126689871982735,18.76013923189641
user3,74,3.429619113415848,0.13986513421342178,0.13450558817967057,0.15379068622850392,0.29202693474317576,0.29470757262347497,0.2534354191653562,0.10810810810810811,100.0,0.4171158381181437,25.02695028708862
user3,85,4.200826549250788,0.12704848631834373,0.1110996263138493,0.11863675055565773,0.2055754841808441,0.24058026926858084,0.17886356210411014,0.12941176470588237,100.0,0.44479339933243645,26.687603959946188
user3,91,4.650464540612245,0.11301759573129508,0.0922023488092026,0.1554371491074562,0.30158571450593236,0.2163596921496921,0.2555158175711416,0.054945054945054944,100.0,0.4599360534671451,27.596163208028706
user3,58,4.000649722153659,0.13573385929239207,0.10191479474649841,0.11622949650413111,0.24104773476375466,0.2530949115753174,0.20683614729708782,0.034482758620689655,100.0,0.6207904741272919,37.24742844763752
user3,53,3.410988247488249,0.13822134935630942,0.12902577071058513,0.15792860434605524,0.29015691892429074,0.2978787009532635,0.25635409618022226,0.0,100.0,0.5792244193847971,34.753465163087824
user1,52,3.992278946514372,0.15342915975130522,0.11337764455573635,0.09895736563439463,0.17038838359736544,0.2537747130674474,0.14868806126237344,0.038461538461538464,22.22222222222222,0.6909713561274875,41.45828136764925
user4,82,2.31773682180586,0.18876831172263786,0.12326995595620903,0.28257178597980076,0.4040123303576823,0.43408070375889907,0.36922696213216766,0.14634146341463414,44.44444444444444,0.2543857487347895,15.263144924087369
user4,84,3.762891813326904,0.17732512950897217,0.11321866238896795,0.19108449762517757,0.3183616568547359,0.2665580611631095,0.28262850268117695,0.047619047619047616,33.33333333333333,0.4031669799993111,24.19001879995867
user4,73,3.8980692154090306,0.17863213255050334,0.12117722629124687,0.18504065016041632,0.2625574101699022,0.2576566669676039,0.24091285285523023,0.0,77.77777777777779,0.48058387587234624,28.835032552340774
user4,76,4.621041829774651,0.17590568420734812,0.1264662538607609,0.13633667386096457,0.22536084911873938,0.21725321133931477,0.20800531808289355,0.0,77.77777777777779,0.5472286377364718,32.833718264188306
user4,63,2.2948424405254624,0.16854899437701115,0.12817809534804248,0.2771085500717163,0.955710087059446,0.44040419978480183,0.9253390906353283,0.06349206349206349,100.0,0.32783463436078036,19.670078061646823
user4,88,3.650468885077263,0.1633210889995098,0.1112660527845026,0.17391529158940391,0.3185390503854205,0.275251021330384,0.2847043585148232,0.03409090909090909,88.88888888888889,0.37334340870108373,22.400604522065024
user4,60,3.1069359243132966,0.18175277170145288,0.1253599958189494,0.1633518384053157,0.27430984715543194,0.3230790324130301,0.2429297541969787,0.0,88.88888888888889,0.4660403886469945,27.96242331881967
user4,83,3.183526013952593,0.17783452833400054,0.12556715428466808,0.1871290420418355,0.2874068695748562,0.3151540814376459,0.2553900821190664,0.14457831325301204,100.0,0.3452016159707631,20.712096958245787
user4,85,3.0017215981870238,0.16095091956002372,0.10991836985601211,0.226203089175017,0.3913641862278178,0.33537425313677105,0.3565202716719496,0.09411764705882353,100.0,0.3178293456903908,19.069760741423448
user4,64,2.882080870986368,0.16428328678011894,0.11562286397885037,0.18558805329459055,0.23577348051691632,0.34906099713037886,0.2018304232868307,0.078125,88.88888888888889,0.405292622482458,24.31755734894748
user4,69,3.4653270119980166,0.16316209300871817,0.10269570855748701,0.14109013510532067,0.21755844179825354,0.29080724014955406,0.19274248679437647,0.057971014492753624,100.0,0.4519991754780021,27.11995052868013
user4,87,2.4860679053165633,0.1517678208467437,0.10381095292079788,0.2646422268431864,0.4208027223329771,0.4048119589339855,0.3949697331419579,0.13793103448275862,100.0,0.2571794384810238,15.430766308861429
user4,72,4.285204373915502,0.17117777860389566,0.13312620787109256,0.12758017961795515,0.22509144036334175,0.2346484190981153,0.1969561536541205,0.0,100.0,0.5356505467394378,32.139032804366266
user4,116,2.6344397679437,0.17769522714142752,0.14701120923927,0.2415973138809204,0.48233443540664805,0.3813488670017408,0.4322624014961195,0.23275862068965517,88.88888888888889,0.20439618889218364,12.263771333531018
user4,109,2.815302210651916,0.17116740170647116,0.1263732587481435,0.25556327331633794,0.39634580951671805,0.35742683984615187,0.3469401925654935,0.14678899082568808,100.0,0.23245614583364443,13.947368750018667
user4,74,2.7779082886470667,0.201829160962786,0.19723004364083235,0.1656841022380884,0.33946250909190384,0.3622057209276173,0.2655604018102776,0.10810810810810811,77.77777777777779,0.3378537107814,20.271222646884
user4,57,2.6537437432450757,0.18722954131009287,0.14722295733593918,0.19298224789755686,0.3634825164236468,0.38123304503304617,0.30963480919752656,0.03508771929824561,100.0,0.41901216998606455,25.140730199163873
user4,75,3.220694792193012,0.15560617731578313,0.12299110482355337,0.1836412458708792,0.31782248427380433,0.3127262270128405,0.2754836518337418,0.13333333333333333,100.0,0.38648337506316144,23.189002503789688
user4,62,2.492185798311461,0.17797560845651933,0.15197007847226066,0.22693888867487672,0.4748056163046303,0.40501053997727693,0.45037672802383605,0.06451612903225806,55.55555555555556,0.3617689062065024,21.706134372390146
user4,71,3.0159004518529975,0.17090831941633083,0.1334314284523921,0.16687047120296594,0.2747867690643273,0.3337563991546631,0.2379156366724191,0.08450704225352113,100.0,0.3822972403757321,22.937834422543926
user4,66,2.140963873741073,0.15163563214815579,0.1133781451875487,0.3198580741882324,0.9693516343614669,0.4731738824110765,0.9454864086993929,0.09090909090909091,100.0,0.29194961914650996,17.5169771487906
user4,59,2.9507329866167917,0.1773429078570867,0.11716930770667405,0.1643413839669063,0.2870870906799098,0.34170859024442474,0.251531948373132,0.05084745762711865,88.88888888888889,0.4501118115178157,27.006708691068944
user4,76,3.505672908189236,0.16286077499389648,0.10367275190088128,0.21383004276840775,0.4234103689041374,0.28654048283894856,0.3755727107153681,0.013157894736842105,77.77777777777779,0.4151454759697779,24.908728558186674
user4,62,2.7536107920233497,0.15676179239826818,0.10014502089461032,0.2097813066889028,0.38764076369204326,0.3661928372304948,0.3696449146824385,0.06451612903225806,100.0,0.3997176956162927,23.983061736977564
user4,54,3.0571187711380183,0.16977628955134638,0.10483557053923778,0.16029756474045087,0.36740920229924257,0.3291715495991257,0.35213514289093306,0.0,77.77777777777779,0.5095197951896697,30.571187711380183
user4,53,2.6884843641658103,0.1695163699815858,0.12359538805326481,0.2063334996883686,0.4298539461493603,0.37638973731261033,0.4084100454386746,0.0,55.55555555555556,0.45653508070740173,27.392104842444105
user4,67,2.9004346786207957,0.16515042598430926,0.11536044563484298,0.184648334980011,0.3527152149408538,0.3471135370659106,0.3193990768197074,0.08955223880597014,11.11111111111111,0.38961062847145017,23.37663770828701
user4,53,2.5332016847358716,0.17799103035117095,0.1189474002898983,0.2209349091236408,0.4279879063292373,0.39906962559773373,0.406545206013327,0.0,88.88888888888889,0.4301663238230725,25.809979429384352
user4,89,3.0808483624115643,0.1629872941351556,0.13232378856803834,0.20357891132957057,0.38574856679042685,0.32625296170061285,0.3435925860689006,0.1797752808988764,100.0,0.31154646361465255,18.692787816879154
user4,90,4.621407384298917,0.15542217920411308,0.09124107029577969,0.17424264320960411,0.2706994324283199,0.21708515520845906,0.24151857068985486,0.0,100.0,0.4621407384298917,27.728444305793502
user4,68,2.474373131278454,0.14522208549358226,0.06855928335144355,0.352770634417264,0.7422866736728104,0.40856810825974194,0.6661111087711435,0.25,0.0,0.32749056149273653,19.64943368956419
user4,2,3.0461891986503034,0.11510825157165527,0.02164912223815918,0.42634153366088867,0,0.5630989074707031,0,0.0,0.0,13.707851393926365,822.4710836355819
user5,72,2.105270214345156,0.16586459333246403,0.14845782855100517,0.4380176199807061,0.49265481367258446,0.48052343852083446,0.4512998069124576,0.013888888888888888,100.0,0.2631587767931445,15.78952660758867
user5,71,2.0907761486870275,0.16594645806721278,0.12016254767170158,0.40690410353920675,0.45739081335880716,0.48400112220219205,0.4201013189944986,0.014084507042253521,100.0,0.2650279625096232,15.901677750577392
user5,80,3.0147399063352838,0.15762402426521732,0.12364567164365123,0.2988110597317035,0.3229122061271284,0.3348995160452927,0.300394603009441,0.0,100.0,0.33915823946271945,20.349494367763167
user5,122,3.6843121238418264,0.17498634945262562,0.13464685021801973,0.3640760801456593,0.5067186590776718,0.2728975981720223,0.39941417856911837,0.0,88.88888888888889,0.27179351733259377,16.307611039955628
user5,104,3.6929709749401836,0.17254924340681596,0.12401626273319644,0.28477736314137775,0.43763565710449776,0.27229688237014327,0.3616175454841418,0.009615384615384616,100.0,0.3195840266775159,19.175041600650953
user5,107,3.4827757737598226,0.16180168065157804,0.10599153044421929,0.3243880271911621,0.4159661480548088,0.28898901084683976,0.35883142453711026,0.0,100.0,0.29294375667138695,17.576625400283216
user5,64,2.8019892706962546,0.17575290302435556,0.14601532022901018,0.26694546354577897,0.3958854414631321,0.3613531059688992,0.34537947157044957,0.0,88.88888888888889,0.3940297411916608,23.641784471499648
user5,128,4.545828553808918,0.16036125096407802,0.13129593876622797,0.275362769762675,0.3986476924127144,0.22109338429969128,0.30934144572868877,0.0078125,88.88888888888889,0.31962857018968954,19.17771421138137
user5,97,4.603233323808875,0.14362386946982525,0.07556058314209503,0.209032882814822,0.2859124180397978,0.2186460793018341,0.25040480202583426,0.0,77.77777777777779,0.4271041228276276,25.626247369657655
user5,72,2.105270214345156,0.16586459333246403,0.14845782855100517,0.4380176199807061,0.49265481367258446,0.48052343852083446,0.4512998069124576,0.013888888888888888,100.0,0.2631587767931445,15.78952660758867
user5,71,2.0907761486870275,0.16594645806721278,0.12016254767170158,0.40690410353920675,0.45739081335880716,0.48400112220219205,0.4201013189944986,0.014084507042253521,100.0,0.2650279625096232,15.901677750577392
user5,80,3.0147399063352838,0.15762402426521732,0.12364567164365123,0.2988110597317035,0.3229122061271284,0.3348995160452927,0.300394603009441,0.0,100.0,0.33915823946271945,20.349494367763167
user5,122,3.6843121238418264,0.17498634945262562,0.13464685021801973,0.3640760801456593,0.5067186590776718,0.2728975981720223,0.39941417856911837,0.0,88.88888888888889,0.27179351733259377,16.307611039955628
user5,104,3.6929709749401836,0.17254924340681596,0.12401626273319644,0.28477736314137775,0.43763565710449776,0.27229688237014327,0.3616175454841418,0.009615384615384616,100.0,0.3195840266775159,19.175041600650953
user5,107,3.4827757737598226,0.16180168065157804,0.10599153044421929,0.3243880271911621,0.4159661480548088,0.28898901084683976,0.35883142453711026,0.0,100.0,0.29294375667138695,17.576625400283216
user5,64,2.8019892706962546,0.17575290302435556,0.14601532022901018,0.26694546354577897,0.3958854414631321,0.3613531059688992,0.34537947157044957,0.0,88.88888888888889,0.3940297411916608,23.641784471499648
user5,128,4.545828553808918,0.16036125096407802,0.13129593876622797,0.275362769762675,0.3986476924127144,0.22109338429969128,0.30934144572868877,0.0078125,88.88888888888889,0.31962857018968954,19.17771421138137
user5,97,4.603233323808875,0.14362386946982525,0.07556058314209503,0.209032882814822,0.2859124180397978,0.2186460793018341,0.25040480202583426,0.0,77.77777777777779,0.4271041228276276,25.626247369657655
user5,138,3.932289402240927,0.15674594811030795,0.1385888099629748,0.2869871975719065,0.4244127434574007,0.25563227521242016,0.3411552408994909,0.057971014492753624,100.0,0.25645365666788655,15.387219400073192
user5,79,3.0717322543505428,0.17506409141252627,0.1467062346999133,0.274765656544612,0.332792864200551,0.32875477656339985,0.30684373540246423,0.0,88.88888888888889,0.3499441808753783,20.9966508525227
user5,125,3.067784893515147,0.1563022236029307,0.10291803552264937,0.3599513450139005,0.5832136988795958,0.32785106282080373,0.4949578156634442,0.064,88.88888888888889,0.22088051233309058,13.252830739985434
user5,87,4.129957552385875,0.16061600725701514,0.11885266615164906,0.21808269749517026,0.37859606254994027,0.2439884529557339,0.3124778958023287,0.0,77.77777777777779,0.42723698817784916,25.63421929067095
user5,107,4.542315267158196,0.16975649197896323,0.1400951518309496,0.1983943705288869,0.30217048090268006,0.22148625130923288,0.25708022144091075,0.0,88.88888888888889,0.3820639009759231,22.923834058555386
user5,212,4.609637873529446,0.168539729611627,0.13227477250113448,0.28904171045436416,0.5051487964404164,0.21754529238877138,0.3716654679554291,0.07075471698113207,77.77777777777779,0.1956921738762501,11.741530432575006
user5,160,5.87761158654066,0.17129279746383916,0.1543445817332708,0.1922393997510274,0.2530159896205698,0.17064612016737837,0.2120304741069611,0.025,88.88888888888889,0.33061565174291213,19.83693910457473
user5,109,4.809129296859115,0.15703649520874025,0.1343328946097813,0.2289856988556531,0.2715657364650514,0.20907731188668144,0.23638186496052432,0.03669724770642202,33.33333333333333,0.39708407038286264,23.82504422297176
user5,196,9.423307338577219,0.16209346315135126,0.09366614069936466,0.14660509957207574,0.22390191277654803,0.1061889770703438,0.16280594443901067,0.0,44.44444444444444,0.4327028879958927,25.96217327975356
user5,166,4.229995324525773,0.15195762271612462,0.10878124019481832,0.3201430456978934,0.9501297540236054,0.23734854929374927,0.6474062378502641,0.04819277108433735,100.0,0.22933709590802384,13.76022575448143
user5,97,4.019434324527248,0.1663795601237904,0.13444752954037545,0.22029503628059668,0.2702359408286219,0.25053151696920395,0.24933555947952835,0.010309278350515464,100.0,0.3729372053685076,22.376232322110457
user5,124,5.555328533091045,0.15948616808111019,0.11502402954251868,0.17039256625705296,0.21759320074351857,0.18087675513290777,0.19800241759817863,0.008064516129032258,100.0,0.4032093290146726,24.192559740880355
user5,143,4.54186201891823,0.16415893463861375,0.09230371361703689,0.2581467628479004,0.37215067705450794,0.22083602656780835,0.30494003641221806,0.03496503496503497,77.77777777777779,0.28585145573611237,17.151087344166744
user5,224,4.392331973277205,0.15316401357236115,0.096366479121436,0.3220654948727115,0.6713755640680573,0.22827665260554428,0.47536825213915557,0.08035714285714286,88.88888888888889,0.17647762392631625,10.588657435578975
user5,145,6.156956956815083,0.18192319150240915,0.15264912430689442,0.17073168662878183,0.25936760862163216,0.16295108530256483,0.20663438103209292,0.0,88.88888888888889,0.3821559490436948,22.929356942621688
user5,113,4.254583236504224,0.14944632469661653,0.06034021504482951,0.1997996107224495,0.29628851630719444,0.23642449293817794,0.2587581576321384,0.035398230088495575,88.88888888888889,0.33886061175697363,20.33163670541842
user5,120,6.287209932771902,0.15636823762137936,0.09966777074226671,0.12229614991408128,0.20044762769417795,0.15958771785768142,0.17014584941672434,0.0,88.88888888888889,0.47154074495789267,28.29244469747356
user5,226,3.7551212964379554,0.15756184504582332,0.12699162678205123,0.24980249885440797,0.38374468195236333,0.26716902838812934,0.3237332681304333,0.14601769911504425,100.0,0.1495402286192106,8.972413717152635
user5,104,4.185297682063915,0.15671875363304502,0.11152197777589408,0.19222801346932689,0.2628375595603721,0.24052308832557456,0.23747175842106077,0.04807692307692308,100.0,0.3621892224863003,21.73135334917802
user5,92,3.9934922410327296,0.1759989711473573,0.13275205499059903,0.19712410064843985,0.3121018613225088,0.252201415680267,0.26838499719535,0.0,100.0,0.39066771923146265,23.44006315388776
user5,141,5.3565425079225895,0.15315383359005577,0.11907498862557855,0.22856566735676356,0.4975535863237766,0.18742813042231968,0.3513612899554065,0.014184397163120567,100.0,0.34190696859080355,20.514418115448212
user5,138,3.932289402240927,0.15674594811030795,0.1385888099629748,0.2869871975719065,0.4244127434574007,0.25563227521242016,0.3411552408994909,0.057971014492753624,100.0,0.25645365666788655,15.387219400073192
user7,150,1.4620671241605032,0.16636851506355482,0.08629162508965083,1.0959733678148937,2.230439448217956,0.6865656135866306,1.718176569752248,0.04666666666666667,66.66666666666666,0.08772402744963019,5.263441646977811
user7,97,2.864240484763287,0.1583565151880658,0.12411406611924691,0.34451274718007735,0.4798849596063357,0.35184144228696823,0.43328749686581863,0.041237113402061855,66.66666666666666,0.26575427178216066,15.94525630692964
user7,140,5.201284722354781,0.21387666355479848,0.203965841648258,0.19368067494145147,0.40473539968618144,0.1931281724422098,0.2927940994030006,0.007142857142857143,88.88888888888889,0.3343683035799502,20.06209821479701
user7,110,2.3247287184203778,0.19638417398228364,0.13741396100719927,0.4648666025987312,1.0373813508479253,0.43356991251674265,0.8534547825294247,0.05454545454545454,66.66666666666666,0.19020507696166727,11.412304617700036
user7,102,1.9508364633147115,0.2246330328154982,0.15290201675153173,0.6701572281973702,3.5681606497100313,0.5166085262109738,2.6829763279900134,0.00980392156862745,44.44444444444444,0.17213262911600397,10.327957746960237
user7,118,3.393278834132584,0.21923068969968765,0.14559081991254347,0.2626104162585351,0.5580596873451611,0.29601798709641153,0.437332979474663,0.03389830508474576,66.66666666666666,0.2588094026033327,15.52856415619996
user7,134,4.063815461736288,0.17670644010816303,0.09936596439737796,0.2473737260569697,0.3537269496086653,0.24687068085921438,0.314143714376223,0.05970149253731343,66.66666666666666,0.2729428295196014,16.376569771176086
user7,187,4.770566405782066,0.21291628009394595,0.17763283005690667,0.2182896868387858,0.5125944693854234,0.20983090708332677,0.3535688398862897,0.06951871657754011,100.0,0.22959945268469836,13.775967161081901
user7,135,4.861507477351893,0.24193609806529262,0.1930901226400652,0.1869267991610936,0.40786892879361786,0.20639193058013916,0.2971283636210767,0.014814814814814815,66.66666666666666,0.3241004984901262,19.44602990940757
user7,72,2.475647587766675,0.2030644416809082,0.12693509288653446,0.22970642521977425,0.3687970841691601,0.4076121054904562,0.34108824444369396,0.06944444444444445,88.88888888888889,0.30945594847083435,18.567356908250062
user7,70,3.7439576185845267,0.1883642938401964,0.12944944540051154,0.13296391829004828,0.22101003819765996,0.26897197875423706,0.2052095026427091,0.014285714285714285,88.88888888888889,0.4813659795322963,28.88195877193778
user7,65,2.944349848900926,0.20283454548228871,0.13961177929247615,0.16992525259653726,0.38449400441108833,0.3427075818181038,0.33965550223093016,0.0,77.77777777777779,0.4076792098478205,24.46075259086923
user7,115,3.8180775142821615,0.22873684962590535,0.16747393031613142,0.2230298236265021,0.4881533401349389,0.26308317770037737,0.3811856637963542,0.017391304347826087,88.88888888888889,0.2988060663351257,17.92836398010754
user7,88,2.401273836163336,0.21342595020929972,0.15032346214308417,0.37214551537723867,0.6960951818617953,0.41892040460959246,0.5986973324557895,0.03409090909090909,100.0,0.24558482415306848,14.735089449184109
user2,60,2.0453487200506526,0.14296120405197144,0.10803512987449194,0.3518165895494364,0.5360325317160308,0.49478052834333,0.5087669379216044,0.05,77.77777777777779,0.3068023080075979,18.408138480455875
user2,52,2.8099112871998186,0.1447593753154461,0.0873240358960557,0.21526342747258206,0.3910346311073792,0.3605221065820432,0.36729978804131835,0.0,77.77777777777779,0.48633079970766097,29.17984798245966
user2,55,1.946771428746237,0.15287537574768068,0.1079222689771422,0.3674770107975713,1.133476934638711,0.5214473141564263,1.1146306605239509,0.01818181818181818,100.0,0.3185625974312024,19.113755845872145
user2,56,3.5944985619084258,0.13729028518383318,0.07933341428590658,0.15343865226296818,0.2862072089841676,0.2815435322848233,0.25606175570094475,0.0,88.88888888888889,0.5776872688781398,34.66123613268839
user2,70,3.309849698869812,0.15441176398047085,0.12173384820095676,0.20463321501748605,0.33197998776676496,0.3052221001058385,0.27926379557254344,0.02857142857142857,77.77777777777779,0.4255521041404044,25.533126248424264
user2,54,3.0369237530828324,0.13996038613496004,0.0923001621472499,0.19289226801890247,0.32478987273205046,0.3340627157463218,0.28515776592997244,0.018518518518518517,66.66666666666666,0.5061539588471387,30.36923753082832
user2,53,3.1682025263373146,0.1597743349255256,0.10960940190073909,0.1588593996488131,0.2472473891770996,0.3195824439709003,0.20550852059004626,0.0,100.0,0.5379966554157704,32.27979932494622
user2,58,3.67013987513057,0.1648538066790654,0.1552685051427717,0.1284341671887566,0.2595240478844137,0.27549557100262556,0.205145968580046,0.0,77.77777777777779,0.5695044633823299,34.17026780293979
user2,53,2.5917565631808226,0.17021149959204332,0.11103666326971942,0.21977388400297898,0.4220184001458937,0.39086525256817156,0.3853972599967956,0.0,88.88888888888889,0.4401096050684416,26.406576304106498
user2,54,2.1594227540989173,0.18889331817626953,0.1257575449666904,0.2793668620991257,0.4159687426394426,0.47030960838749725,0.360632616674445,0.018518518518518517,11.11111111111111,0.3599037923498195,21.59422754098917
user2,54,3.1798987503183165,0.18040714623793117,0.12300980679305368,0.13276599920712984,0.24134779553494576,0.3176195486536566,0.17822850492343084,0.0,88.88888888888889,0.5299831250530528,31.798987503183167
user2,53,2.5145703451881722,0.15538520183203355,0.11326417153172628,0.24695660976263192,0.3295749187296858,0.4028246127642118,0.2747462130392893,0.0,100.0,0.4270025114470481,25.620150686822885
user2,52,2.9489324530353525,0.1568593566234295,0.10965060117815831,0.1858198689479454,0.3150347557132146,0.3444665366528081,0.30713064094114184,0.0,66.66666666666666,0.5103921553330417,30.623529319982502
user2,54,3.4090388461319057,0.14830762485288224,0.08957247844991764,0.14350093786533064,0.24839507038270103,0.2966963345149778,0.21143199081970523,0.0,100.0,0.5681731410219842,34.09038846131905
user2,55,2.351737720742584,0.16563970392400568,0.11620725889152342,0.2643847774576258,0.3683234104900391,0.4298397214324386,0.32434271516632407,0.01818181818181818,88.88888888888889,0.3848298088487865,23.089788530927187
user2,52,2.763727171644659,0.16994124192457932,0.12134479066299676,0.19565150317023783,0.3865878470404736,0.36637317900564154,0.3603147437631655,0.0,88.88888888888889,0.4783373950923449,28.700243705540693
user2,53,2.46368411768167,0.19246544028228185,0.1551059494202061,0.2175351885648874,0.34845867805202485,0.4110887279877296,0.29134184962333265,0.0,88.88888888888889,0.41836145394594393,25.101687236756636
user2,53,2.9082351649540006,0.18217974788737748,0.1544585856397838,0.16478046545615563,0.27278025427068886,0.3481688957947951,0.19273271045046642,0.0,88.88888888888889,0.4938512544261511,29.631075265569066
user2,53,2.8889524299207356,0.1470270966583828,0.10422088670912122,0.20294835017277643,0.3598947534357718,0.35006303512133086,0.31502191781072775,0.0,66.66666666666666,0.49057682772238903,29.43460966334334
user2,53,2.971833622747557,0.17327406721295052,0.14193559859817323,0.16635734301347,0.23981003446459384,0.3406378672673152,0.14927114762692545,0.0,100.0,0.5046509925420379,30.279059552522277
user2,53,2.86331738552043,0.16282169176982,0.11144735101393113,0.1868104513953714,0.24927626291072297,0.3525910469201895,0.18479812243727292,0.0,88.88888888888889,0.48622370697516737,29.173422418510043
user2,51,2.379698343750142,0.15788335893668382,0.09951397827723245,0.2675847291946411,0.4607745561969301,0.4241741132736206,0.4273125943385228,0.0,66.66666666666666,0.4199467665441427,25.196805992648564
user2,53,2.466164605427008,0.1660231239390823,0.10340734722530426,0.24406990638146034,0.32488601268168954,0.4107597332734328,0.28026736634465294,0.0,88.88888888888889,0.4187826688460957,25.12696013076574
user2,52,2.9147963505034737,0.1646950107354384,0.10993045777378366,0.18187981960820218,0.2799232707596974,0.3480154626509723,0.24152946079254334,0.0,66.66666666666666,0.5044839837409859,30.269039024459154
user2,55,3.9225222069281713,0.13974669400383444,0.11003625196768631,0.12558185577392578,0.2025524302328538,0.2581507232454088,0.16224079201335945,0.0,77.77777777777779,0.6418672702246099,38.51203621347659
user2,53,3.23786279082314,0.14749269215565808,0.11533416474508076,0.16445595026016235,0.2786543259078287,0.31288987398147583,0.229445465147159,0.0,100.0,0.5498257569322313,32.98954541593388
user2,51,3.9368667268047415,0.13778332167980717,0.0837525431220195,0.11855030059814453,0.2167803408011343,0.2569931983947754,0.18256015967892367,0.0,55.55555555555556,0.6947411870831897,41.68447122499138
user2,55,3.033910631077114,0.15480265617370606,0.11327940028764748,0.17804207183696605,0.28591649339459546,0.33427279966848866,0.2569344472105328,0.01818181818181818,77.77777777777779,0.49645810326716405,29.787486196029842
user2,53,2.655906970064699,0.16884838410143582,0.11475422907620361,0.21166449785232544,0.5002273907547481,0.3821185277058528,0.4591991261063314,0.0,77.77777777777779,0.45100307038834514,27.06018422330071
user2,53,3.3483971110995396,0.18234702776063164,0.1599142500742146,0.11853993397492629,0.2562021310043787,0.3024725822302011,0.1948271003786903,0.0,66.66666666666666,0.5685957358470917,34.1157441508255
user2,59,2.651285356359772,0.16421013408237034,0.12048386900158514,0.2402629222509996,0.45054597653699247,0.3825425197338236,0.404000127091555,0.01694915254237288,88.88888888888889,0.40443335944471104,24.26600156668266
user2,53,3.0213683778072884,0.1617829034913261,0.11860012701811463,0.17244666814804077,0.24314380275368927,0.3344037670355577,0.18251989448910982,0.0,100.0,0.5130625547219924,30.78375328331954
user2,61,2.9663501443503106,0.19717933546822025,0.16153622685446725,0.18004751663941604,0.3157063532892444,0.34036099513371787,0.24558074774823263,0.0,88.88888888888889,0.43765821801889826,26.259493081133897
user2,53,3.8937235305999525,0.15037068331016684,0.1193182566452618,0.10850006341934204,0.24023012551975648,0.26017393057162946,0.18189987656219975,0.0,77.77777777777779,0.6611983353848976,39.671900123093856
user2,62,2.4510706501567032,0.1474716836755926,0.08537420584546913,0.30497414977462206,0.5222603340934652,0.4134051604349105,0.48912305454331667,0.0,66.66666666666666,0.35580057824855366,21.34803469491322
user2,53,1.7343086081785275,0.16045286070625736,0.09094108773682635,0.4241485916651212,0.7588095159104122,0.5856721584613507,0.7293061596610355,0.0,77.77777777777779,0.2945052353510707,17.67031412106424
user2,60,2.956153636393943,0.1706421505321156,0.1313752285735011,0.19004782482429786,0.37498506784339003,0.3417644743191994,0.32970223614610955,0.016666666666666666,77.77777777777779,0.44342304545909145,26.605382727545486
user2,62,4.143297666763778,0.14366410813241634,0.08620257303818803,0.12630585065254799,0.21814479884629254,0.2440798282623291,0.17649910563233157,0.0,55.55555555555556,0.6014464354979677,36.086786129878064
user2,54,2.254796920017495,0.15447679713920312,0.09916322182314317,0.2944753709829079,0.39034401188924017,0.44652871815663464,0.34374876352902756,0.018518518518518517,66.66666666666666,0.3757994866695825,22.54796920017495
user2,53,3.4583164473855543,0.17769501344212946,0.12466052044913237,0.11360654464134803,0.22673994808925593,0.2905563987218417,0.16697948334109355,0.0,77.77777777777779,0.5872612835183016,35.2356770110981
user2,52,2.872653023528448,0.190619184420659,0.15075755438304575,0.16057913911108876,0.3191839227712935,0.351516513263478,0.2746453719641105,0.0,11.11111111111111,0.49718994637992375,29.831396782795427
user2,57,3.1505678110707196,0.15374119239940978,0.1361831323513789,0.16658444489751542,0.32743846767928064,0.32192140391894747,0.2753998438482602,0.03508771929824561,88.88888888888889,0.49745807543221887,29.847484525933133
user2,61,2.631299257244622,0.18850805582823577,0.13759081098965875,0.23188011151439739,0.4385373174669398,0.3846595803896586,0.39011747908739525,0.0,66.66666666666666,0.38822448057707537,23.293468834624523
user2,59,3.403830157216186,0.1839524269104004,0.14595270254014506,0.12220357082508228,0.24944217890769985,0.2966067996518365,0.18382605653537482,0.01694915254237288,88.88888888888889,0.5192283290668759,31.153699744012552
user2,54,2.641382375794135,0.18779988642092105,0.124079132150615,0.19438955918797907,0.35255280527201044,0.3828338991920903,0.3075942492508668,0.0,66.66666666666666,0.4402303959656892,26.41382375794135
user1,52,3.992278946514372,0.15342915975130522,0.11337764455573635,0.09895736563439463,0.17038838359736544,0.2537747130674474,0.14868806126237344,0.038461538461538464,22.22222222222222,0.6909713561274875,41.45828136764925
user4,65,3.5775894445389556,0.2001725637687827,0.13241487452749984,0.12879405113366935,0.221059067332464,0.2796276994049549,0.197823223318794,0.0,77.77777777777779,0.49535853847462463,29.72151230847748
user4,60,3.7612334492838375,0.19822902049658433,0.12972166102914492,0.09157176659657405,0.18344329973337917,0.26697697477825616,0.15003954265705854,0.0,88.88888888888889,0.5641850173925756,33.851101043554536
user4,54,2.3446079106676336,0.21358129318724287,0.15347283129320366,0.2672841963560685,0.9146551141807681,0.43123459366132627,0.8344361602328708,0.0,33.33333333333333,0.3907679851112723,23.44607910667634
user4,53,3.1990324823278216,0.20741338999766223,0.14766723271183008,0.10720383662443894,0.19611794345729666,0.3153708806404701,0.12842737829517675,0.0,100.0,0.5432319309613283,32.5939158576797
user4,62,3.769625855206633,0.17908607137964128,0.1185797632261093,0.14299305625583814,0.2729825505657016,0.266742217736166,0.23646947845920177,0.0,66.66666666666666,0.5472037531751565,32.83222519050939
user4,68,4.207938214867726,0.22652043936387548,0.19988289445646945,0.052188336849212646,0.22665856037130733,0.23737325597165235,0.19449407498005164,0.0,77.77777777777779,0.5569329990266109,33.41597994159665
user4,53,3.015471685090817,0.20779426592700886,0.15898757542807812,0.12621013476298407,0.34942278330405663,0.333877641421098,0.31138816233604194,0.0,77.77777777777779,0.5120612295437237,30.72367377262342
user4,75,4.202312655396985,0.1740578550558824,0.13847872975227551,0.1380285842745912,0.3742465422731207,0.23858360664264575,0.29967974614915227,0.0,77.77777777777779,0.5042775186476381,30.25665111885829
user4,53,3.1251443546381514,0.18973606487490097,0.12704705985897005,0.1327539453139672,0.2143326634936707,0.32229743095544666,0.16124431965417219,0.03773584905660377,33.33333333333333,0.5306848904102521,31.841093424615128
user4,58,3.1840681329571066,0.17003219082670393,0.11877416617362004,0.14668489877994245,0.28355877836817367,0.31704746212875634,0.2579698953403701,0.0,66.66666666666666,0.49407953787265446,29.64477227235927
user4,58,3.876984885951497,0.17470512300167443,0.10580745309666795,0.0975424784880418,0.17306565414022218,0.2579532924451326,0.15265860378308743,0.0,100.0,0.6016011029924736,36.096066179548416
user4,59,3.354173707787045,0.1925656442288999,0.14023996630008287,0.12391001323484024,0.2458868025825882,0.3007851839065552,0.2108300640332625,0.0,77.77777777777779,0.5116536164420915,30.699216986525492
user4,64,4.160197079267183,0.1798480456730105,0.11285645522420637,0.09500858875421378,0.14955589658273713,0.2407672367398701,0.14423128788037506,0.0,77.77777777777779,0.5850277142719477,35.10166285631686
user4,56,3.4531078945526477,0.18019770226388607,0.1535959337259026,0.11797343767606296,0.26825978636735937,0.29208035469055177,0.20875617222247858,0.0,88.88888888888889,0.5549637687673897,33.29782612604338
user4,57,3.1464671299693596,0.19098929847989762,0.14879500022907352,0.12573629292574795,0.25206431523811024,0.32005548051425387,0.20987986707655293,0.017543859649122806,77.77777777777779,0.49681059946884626,29.808635968130776
user4,53,3.286290957485929,0.16005515117271274,0.10555064226289783,0.13902130603790283,0.297708589045477,0.3067591373737042,0.263200315133008,0.0,77.77777777777779,0.558049407874969,33.48296447249814
user4,54,3.766721159836394,0.189422642743146,0.17346619339116617,0.07749534103105653,0.2025742163512781,0.2676178014503335,0.12349987367859959,0.0,100.0,0.6277868599727323,37.66721159836394
user4,54,2.961868026536977,0.19645644117284705,0.16910463508359885,0.14383187833821998,0.46962905648150993,0.34053118273896993,0.41743466057726697,0.0,77.77777777777779,0.49364467108949617,29.61868026536977
user4,52,4.25509324402879,0.1785408487686744,0.1457331335620911,0.05757891430574305,0.17121140731278772,0.23495805497262992,0.1034158181244075,0.0,77.77777777777779,0.736458446081906,44.18750676491436
user4,55,3.0400526603804106,0.18880736386334454,0.13903709803165945,0.13973210892587337,0.34286618884936304,0.3305194510353936,0.3218589435333143,0.0,100.0,0.49746316260770357,29.847789756462213
user4,55,3.780667927278706,0.17816965535001936,0.14389375982575928,0.09497476541079007,0.2805210664661895,0.2656881235263966,0.20874740884471604,0.0,55.55555555555556,0.6186547517365155,37.11928510419093
user4,102,4.097073496959169,0.17509373978002749,0.13233905962318335,0.158230362516461,0.296344918519005,0.2449074924582302,0.26071267300631684,0.058823529411764705,66.66666666666666,0.361506485025809,21.69038910154854
user4,56,3.122138376855081,0.1782763589103267,0.13811835053734905,0.1522091948069059,0.4012670300645457,0.32260437445207074,0.3641459014624982,0.0,22.22222222222222,0.5017722391374237,30.106334348245426
user4,53,3.5970540928553016,0.18619924671245072,0.13923099473328332,0.09357152535365178,0.17825128212561783,0.2796931037536034,0.1330206865299672,0.0,77.77777777777779,0.6108205063339192,36.64923038003515
user4,57,3.6019854818827723,0.1724081219367261,0.12462608816415469,0.10775180046374981,0.2262505214209101,0.27928935629980906,0.19603760697770364,0.0,88.88888888888889,0.568734549770964,34.12407298625784
user4,58,3.4152205351778147,0.19631466775570275,0.18091275698724074,0.1055527925491333,0.2508199737769726,0.29373306558843243,0.21839340304062257,0.0,66.66666666666666,0.529948014079316,31.79688084475896
user4,56,3.070291620224046,0.19411253929138184,0.17161074238032997,0.1363595206782503,0.34202101524818007,0.3281263914975253,0.2663943648313195,0.0,77.77777777777779,0.49343972467886454,29.60638348073187
user4,56,3.647515049583347,0.1712811209938743,0.13147201163392047,0.09982072865521466,0.2280148582957159,0.2757864388552579,0.18822551582068842,0.017857142857142856,66.66666666666666,0.586207775825895,35.172466549553704
user4,67,3.4100945768563418,0.18024887022424918,0.1468702438355742,0.12522597710291544,0.3392045368140015,0.2955102523167928,0.28311575911634396,0.04477611940298507,77.77777777777779,0.45807240584637426,27.484344350782457
user4,56,3.1421629215876847,0.1864924899169377,0.13892042340826471,0.13415525609796697,0.2795338364928146,0.3208824547854337,0.25407796154901896,0.017857142857142856,88.88888888888889,0.5049904695408779,30.299428172452675
user4,53,3.531315112153884,0.18323935202832492,0.13815722175009118,0.10186321460283719,0.25546531030015496,0.28448213522250837,0.2304014223437901,0.0,100.0,0.5996572831959426,35.97943699175656
user4,55,3.4444039629439636,0.18937576467340642,0.1664948380251675,0.10281967675244366,0.46470206052007623,0.29242596802888093,0.40950382334081864,0.0,77.77777777777779,0.5636297393908304,33.817784363449825
user4,55,3.7404701699545675,0.17403201262156168,0.14995294488226307,0.09052367480296009,0.30365378462440623,0.26902710066901314,0.22891042081556107,0.0,77.77777777777779,0.6120769369016565,36.72461621409939
user4,54,3.089302743529092,0.19446049796210396,0.1610292867741097,0.13167557626400353,0.29302819367862737,0.32601794656717553,0.2649888057463253,0.018518518518518517,77.77777777777779,0.514883790588182,30.89302743529092
user4,56,3.337004344139007,0.2024383885519845,0.15365478980648542,0.0989994309165261,0.2783980964457747,0.3006193897940896,0.2293175114813788,0.0,55.55555555555556,0.536304269593769,32.17825617562614
user4,56,2.740913993742603,0.2002464575426919,0.16595355165787398,0.1675879868594083,0.35079901661656776,0.3692990996620872,0.30548757077500455,0.017857142857142856,77.77777777777779,0.4405040347086326,26.430242082517957
user4,70,3.562942453390703,0.1787065473096124,0.14084143734861523,0.13973523859392134,0.27952636499649525,0.2812549307726432,0.2386365758097806,0.02857142857142857,66.66666666666666,0.4580926011502332,27.48555606901399
user4,77,2.4652366997430284,0.16986265467174017,0.1497051922092229,0.28143684430555865,0.5193846140352659,0.40856833206979853,0.46975312100285166,0.07792207792207792,66.66666666666666,0.2881445493206137,17.28867295923682
user4,53,3.820706587162066,0.18402613333936008,0.13729093406214504,0.07919989640896137,0.21810900063003802,0.2630591163268456,0.16594006766575242,0.0,100.0,0.6487992317822376,38.927953906934256
user4,58,3.486091224440272,0.1906920389695601,0.14934008255292558,0.09446607695685492,0.2627558873898072,0.2889335448281807,0.21588619160469355,0.017241379310344827,55.55555555555556,0.5409451899993526,32.45671139996116
user4,65,3.9828233124643124,0.16240149530871162,0.13861327877604443,0.10953337686103687,0.28399717417209197,0.2527587413787842,0.23282373729702585,0.03076923076923077,100.0,0.5514678432642894,33.08807059585737
user4,55,3.825822291087671,0.17235318219886636,0.13339039366129518,0.09035578140845665,0.23922118129775183,0.26251172136377404,0.19951916027724392,0.0,100.0,0.626043647632528,37.562618857951676
user4,67,4.452332483146567,0.1729275685436321,0.11708204728028311,0.08766371470231277,0.22770866538973128,0.22449414296583695,0.18669951679149346,0.0,88.88888888888889,0.5980745126614792,35.884470759688746
user4,53,3.411544543793585,0.2004733940340438,0.16873277277940965,0.09443068045836228,0.2122370835960549,0.29553478497725266,0.16347731453131897,0.0,66.66666666666666,0.579318884795137,34.75913308770822
user4,53,3.9931321136914546,0.18500268684243257,0.15164366812193233,0.06668551151569073,0.18967613532955624,0.2518575695844797,0.11427619520265553,0.0,66.66666666666666,0.6780790381740206,40.684742290441235
user4,57,3.6278399578416973,0.17324522306334297,0.13589691555634043,0.11409776027386005,0.27216892366131484,0.2777085985456194,0.21610089675414274,0.0,55.55555555555556,0.572816835448689,34.36901012692134
user4,56,3.880485275301123,0.18025381160232257,0.1483965479864607,0.08967544940801767,0.28888668159436975,0.2593339269811457,0.2286665091376142,0.0,77.77777777777779,0.6236494192448233,37.418965154689396
user4,64,4.170745997408979,0.18886708313564085,0.1530235361943154,0.07779175043106079,0.2533438323735364,0.24115274066016787,0.20894854685609413,0.0,88.88888888888889,0.5865111558856376,35.190669353138254
user4,55,3.7082330583269196,0.2006120118227872,0.15672984201616605,0.07033705711364746,0.21751881621410868,0.27185327035409435,0.17221971603415906,0.01818181818181818,88.88888888888889,0.6068017731807687,36.40810639084612
user4,53,3.3917411789301175,0.1944729562075633,0.15700787187653378,0.10229087792910062,0.21987420834273289,0.29712039690751296,0.18597864486841303,0.0,77.77777777777779,0.575956049252284,34.557362955137044
user4,71,3.5973781271938456,0.17642258084009563,0.1479686847275182,0.11783677916372975,0.31344713359947995,0.27954891409192767,0.2603597113961124,0.08450704225352113,55.55555555555556,0.45600567809499454,27.360340685699672
user4,56,3.4982204697966885,0.1829215569929643,0.12981252766968218,0.10066456264919704,0.26865735942001956,0.2878656257282604,0.21196681415519766,0.0,88.88888888888889,0.5622140040744678,33.732840244468065
user4,54,3.756235908668369,0.16508454646704332,0.1117924137548303,0.09855930163310124,0.2334467149131476,0.26882876090283664,0.19494586846775316,0.0,88.88888888888889,0.6260393181113949,37.56235908668369
user4,65,3.4889537142909504,0.16780442706609178,0.11123933213490036,0.1390385627746582,0.2559155525505197,0.289597500115633,0.23720337258445306,0.046153846153846156,88.88888888888889,0.4830858989018239,28.985153934109434
user4,53,3.4886595473762423,0.19413006530617768,0.1502399116883658,0.09429207673439613,0.233347054245306,0.2879922573383038,0.1737165464034363,0.0,77.77777777777779,0.5924138854035128,35.54483312421077
user4,53,3.297610968110407,0.19754487613462052,0.1633906033576591,0.10773775210747352,0.42626583211107627,0.3053821004354037,0.37929453672752256,0.0,88.88888888888889,0.5599716738300691,33.59830042980414
user4,52,3.523106880829057,0.18387790826650766,0.11689627912823614,0.10192252140419156,0.19451767475586756,0.28501368971431956,0.16281912998655199,0.0,88.88888888888889,0.6097684986050291,36.58610991630175
user4,53,3.3717642694791494,0.17553823848940292,0.1220937414571307,0.12337013849845299,0.2604356487173509,0.29751856510455793,0.2256144587085981,0.0,55.55555555555556,0.5725637438738178,34.35382463242907
user4,56,3.191990400369904,0.18420991727284022,0.13854565611137723,0.13142103715376421,0.2313767009515192,0.3147565885023637,0.1878181121242668,0.017857142857142856,77.77777777777779,0.512998457202306,30.77990743213836
user4,59,3.414323215423963,0.1765404919446525,0.12585169600185636,0.11834923974398909,0.2068162339446472,0.29516669799541606,0.1451397877753435,0.05084745762711865,100.0,0.5208289650646724,31.24973790388034
user4,64,4.851485901147043,0.1686682476187652,0.1365280395766749,0.0659481928898738,0.17818462871285798,0.2067244015042744,0.13456285828716977,0.0,77.77777777777779,0.6822402048488029,40.93441229092817
user4,64,3.0246776816947225,0.18344105780124664,0.1573337266697153,0.1495087563045441,0.4017418221112765,0.3337098870958601,0.3509575019834208,0.078125,77.77777777777779,0.42534529898832035,25.52071793929922
user4,59,4.516202535960873,0.1637638200004146,0.13000435946201372,0.06226675327007587,0.22020758324596829,0.2217858125423563,0.16094808574316954,0.0,66.66666666666666,0.6889122512482687,41.33473507489612
user4,53,4.233249737842882,0.16586048198196124,0.13724079890350394,0.07171782163473275,0.21157921048644907,0.23788269666525033,0.13817358368507143,0.0,66.66666666666666,0.7188537290676591,43.13122374405955
user4,61,4.128278546262101,0.14902645686887345,0.10779944682924665,0.10035175543565017,0.20157341105750243,0.24360334873199463,0.17110754415111407,0.0,88.88888888888889,0.6090902773173591,36.54541663904155
user4,54,3.4722669795133223,0.1704545515888142,0.13445651918011936,0.11592265734305748,0.22917977800954048,0.2907092526273907,0.18901412396909165,0.0,88.88888888888889,0.5787111632522204,34.72266979513322
user4,55,4.114519575342867,0.16763091520829634,0.1350307606852558,0.07680732232552988,0.1751594273766472,0.24472165990758826,0.12731088547865446,0.01818181818181818,88.88888888888889,0.6732850214197419,40.39710128518451
user4,53,3.6907711823134752,0.17296900389329442,0.1370961111219499,0.09986125505887546,0.190417310328956,0.2727563656293429,0.14986805874996006,0.0,55.55555555555556,0.6267347290720995,37.60408374432597
user4,58,3.4198366005307945,0.16471174469700567,0.12792616002930718,0.14079373287704755,0.26044326855332867,0.29501001458418996,0.23159394537708647,0.017241379310344827,77.77777777777779,0.5306643000823646,31.839858004941878
user4,57,3.359253465657271,0.17510540530366717,0.12146025836576481,0.1364420514840346,0.3807006400673455,0.3001369195325034,0.34622699195241446,0.0,66.66666666666666,0.5304084419458849,31.824506516753093
user4,54,3.6283604067744477,0.1721479982699988,0.1362105519371836,0.10114579934340256,0.22333117047154338,0.27702981121135206,0.17933718465075082,0.0,88.88888888888889,0.604726734462408,36.28360406774448
user4,54,3.7581030027153326,0.1738008525636461,0.13973087626432806,0.09403217963452609,0.197376009153579,0.2677739566227175,0.1543091146249182,0.0,100.0,0.6263505004525555,37.581030027153325
user4,77,4.450115539768511,0.16097457903736043,0.11331570717045993,0.11755604010361892,0.22568353548946388,0.22598526666038915,0.2061636276656793,0.0,88.88888888888889,0.5201433747781377,31.20860248668826
user4,54,3.43167108781207,0.17984837855932848,0.13471538079048465,0.10969544832523052,0.2091093510413715,0.29387993632622483,0.17008037094404235,0.0,100.0,0.5719451813020118,34.31671087812071
user4,79,5.259723849510665,0.16194698945531305,0.11157250856935991,0.08933750024208656,0.21848593085953041,0.19014931030762502,0.1897438687229634,0.0,77.77777777777779,0.5992090461467846,35.95254276880708
user4,64,3.6681445441766782,0.16432664529332575,0.10773964005525496,0.13401978290998018,0.23854467509613228,0.2738917100997198,0.21831383043040856,0.0,77.77777777777779,0.5158328265248454,30.949969591490724
user4,54,3.66653791534362,0.18111476808224083,0.12552130610567214,0.0915996661553016,0.16534286025148837,0.27561256120789723,0.11924159627534828,0.0,88.88888888888889,0.61108965255727,36.6653791534362
user4,104,5.040814352105806,0.15910560397778528,0.1293372157287378,0.1518965589589086,0.3070513847661872,0.19859478774579983,0.2488193251014845,0.028846153846153848,88.88888888888889,0.4362243189322332,26.173459135933992
user4,55,3.6415687518428905,0.181515338285914,0.14095448816930795,0.09523251881966224,0.20550659881303512,0.2771756825623689,0.16742583053156604,0.0,100.0,0.5958930684833821,35.75358410900292
user4,92,4.887372275091766,0.16643400777850234,0.11917610341082398,0.1290984068598066,0.28135283646703174,0.2052709401308835,0.23484885029100763,0.021739130434782608,77.77777777777779,0.47811250517202064,28.686750310321237
user4,48,3.3150576210336777,0.1664886623620987,0.1359006733386143,0.13804107523979026,0.29254628999180576,0.3048451910627649,0.2516620919647469,0.0,22.22222222222222,0.6215733039438146,37.29439823662888
user4,48,3.4168670225611235,0.1801639844973882,0.17045095745458375,0.11489543508976063,0.31359742067174945,0.29635859043040175,0.24174166902968564,0.0,22.22222222222222,0.6406625667302106,38.43975400381264
user4,58,3.9359521074784642,0.1736564591245831,0.12648692606042744,0.094238648047814,0.19529912461154333,0.2559958800934909,0.16367687173315815,0.0,88.88888888888889,0.6107511890914858,36.64507134548915
user4,63,3.5473155856008667,0.17558567029125285,0.13569473423221753,0.1472086264536931,0.34246986639505456,0.2838594259754304,0.29906109453821256,0.0,66.66666666666666,0.5067593693715524,30.405562162293144
user4,54,3.7211987807071614,0.17216576911784984,0.13748527416348263,0.09838681400946851,0.16350447912636468,0.2719946267469874,0.13376797284635922,0.0,88.88888888888889,0.6201997967845269,37.21198780707161
user4,53,3.8285993669306375,0.16866975910258744,0.12707184148761233,0.09430164098739624,0.18823330249345885,0.2627735413037814,0.14488881270040255,0.0,88.88888888888889,0.6501395151391648,39.00837090834989
user4,62,3.8634354613417554,0.17057891161936634,0.12374842234892974,0.11103292611929086,0.324577898042679,0.26085073048951196,0.2950897834067272,0.0,100.0,0.5608212766463838,33.64927659878303
user4,52,3.235207461287584,0.16154708770605233,0.15292419759409454,0.15044527895310345,0.2794735024545331,0.31216972014483285,0.2255915451772944,0.0,77.77777777777779,0.5599397529151589,33.59638517490953
user4,58,2.950740331643968,0.18791124276947557,0.15482508702961145,0.1509269220488412,0.26324662128833537,0.34134020721703245,0.21767548662830194,0.034482758620689655,77.77777777777779,0.4578734997378571,27.472409984271426
user4,53,3.2270510409853914,0.17372396307171517,0.16980254358930633,0.13877487182617188,0.4657446858607559,0.31199753742951614,0.4305700620823123,0.0,77.77777777777779,0.5479897994126136,32.879387964756816
user4,64,3.1273529202950257,0.1725925304850594,0.1284328609223436,0.1562144637107849,0.33452963096707106,0.3220237285371811,0.29972899515314133,0.0625,88.88888888888889,0.43978400441648796,26.387040264989277
user4,53,3.5773965453353007,0.17572322431600318,0.13913988063805005,0.10580600683505718,0.18629311426741527,0.2824587867810176,0.1406483930292824,0.0,77.77777777777779,0.6074824322267492,36.44894593360495
user4,94,4.839528648195502,0.17033671563671482,0.1289693820936686,0.11277921473393675,0.23418978645819322,0.20695848618784257,0.19930746788152282,0.0425531914893617,88.88888888888889,0.4633591258910587,27.80154755346352
user4,53,3.145945589623494,0.19341800797660397,0.23824028121779772,0.12684474083093497,0.24008758156928858,0.32398181236707246,0.2798979978402188,0.0,77.77777777777779,0.5342171755964423,32.05303053578654
user4,55,3.490453747887337,0.17773814921109182,0.12454918870048576,0.11145121317643386,0.24828905590801853,0.2877142031987508,0.21284111634140468,0.0,77.77777777777779,0.5711651587452006,34.269909524712034
user4,53,3.701030020553128,0.18034006514639225,0.14975687437032925,0.09158296768481915,0.21556935219443296,0.2721563715201158,0.16030409904962786,0.0,77.77777777777779,0.628476795942984,37.70860775657904
user4,232,10.96397367871653,0.17096264857166218,0.13858513329822436,0.09199852668322049,0.21317099366736697,0.09115137475909608,0.134722931253424,0.0,66.66666666666666,0.42532656512262396,25.519593907357436
user4,60,3.0877588401027514,0.18794945081075032,0.15241506624017934,0.138213598122031,0.24607227538605858,0.3269008014161708,0.1917728360117115,0.05,77.77777777777779,0.4631638260154127,27.789829560924765
user4,74,4.481836525094211,0.16416801105846057,0.12582171203380765,0.11822346404746727,0.2177980990658279,0.2234426459220991,0.18621109863779478,0.013513513513513514,88.88888888888889,0.5450882260249716,32.7052935614983
user4,53,3.0887130380867256,0.1739831825472274,0.14140377350395314,0.1526565689306993,0.3195919794734403,0.32675344668901884,0.29399282759507567,0.0,77.77777777777779,0.5244984404298213,31.46990642578928
user4,56,3.230136425361345,0.16814834216855606,0.1278955326372894,0.1424315984432514,0.3162107578444881,0.3121442361311479,0.2693287853078514,0.0,100.0,0.5191290683616447,31.147744101698684
user4,57,3.060454358853581,0.17341889414870948,0.1238882177135948,0.1560680099896022,0.31837301779403326,0.32958116701671053,0.290576415701355,0.03508771929824561,100.0,0.48322963560846016,28.99377813650761
user4,10,0.09015534163462843,0.24171721935272217,0.17657026086551803,12.05583217408922,33.37788014139114,12.303762753804525,33.29191861833586,0.0,0.0,0.08113980747116559,4.868388448269935
user3,87,3.805063339924386,0.13676555403347673,0.12811012965222257,0.12750776701195296,0.21397798223996065,0.26520582687023075,0.1689081391680474,0.1839080459770115,88.88888888888889,0.39362724206114336,23.617634523668602
user3,58,4.537289951153045,0.13538154271932748,0.1198313739023712,0.09946456609987746,0.16338397920813663,0.22216832846925968,0.14058299184256642,0.0,88.88888888888889,0.7040622337996103,42.243734027976615
user3,61,3.397873437119926,0.14236732779956254,0.12539919525524823,0.1544666330019633,0.22705281724132195,0.29799824953079224,0.2003489940097955,0.04918032786885246,100.0,0.5013255890832677,30.079535344996064
user3,55,4.741273422329575,0.11558175986667849,0.0834267157953014,0.09492493592775784,0.15373222487365087,0.21348415480719674,0.13003899907780272,0.0,100.0,0.7758447418357488,46.550684510144926
user3,57,4.208428742003578,0.14419802448205782,0.12799869019364343,0.09508857131004333,0.1741729875290646,0.24057859182357788,0.13913570119687188,0.017543859649122806,100.0,0.6644887487374072,39.86932492424443
user3,55,4.191954599990097,0.12812494364651766,0.10523620468328689,0.11247220745793095,0.1846460271799102,0.24179383118947348,0.15853091962555965,0.01818181818181818,100.0,0.6859562072711067,41.15737243626641
user3,53,4.632721995702723,0.11954618399997927,0.07930040595127741,0.09816174323742206,0.27498874364883436,0.2187739794070904,0.2521685896647897,0.0,88.88888888888889,0.7866886407797077,47.20131844678246
user3,73,4.395339797764023,0.12099432609450649,0.08491214668081976,0.10686696597508022,0.19478822558511608,0.2295608487394121,0.16057305248366574,0.0958904109589041,88.88888888888889,0.5418912079435098,32.51347247661059
user3,53,4.6562024452748085,0.13130119161785775,0.10681936384353781,0.0850712198477525,0.19146532429479132,0.2175148863058824,0.15772942112992655,0.0,100.0,0.7906758869334581,47.44055321600749
user3,81,4.084025578312277,0.12031585223054232,0.12238984475632382,0.1299591064453125,0.30480150696100605,0.24661024808883666,0.25796425993637456,0.1111111111111111,77.77777777777779,0.4537806198124752,27.22683718874851
user3,61,3.967161686304038,0.13157722207366443,0.10892785349718334,0.12250036398569743,0.20798145054439043,0.25465176105499265,0.17816798103023346,0.06557377049180328,100.0,0.5853189373235466,35.119136239412796
user3,57,4.043729421111602,0.13260008181844438,0.1075608031413044,0.11202361800453879,0.17164663130081792,0.2505634256771633,0.1511109982987871,0.017543859649122806,100.0,0.6384835928070952,38.309015568425714
user3,72,6.24573242423585,0.13176237775924357,0.09534167733261216,0.08767554552658745,0.17707416445888977,0.16090660699656312,0.144840042282986,0.0,22.22222222222222,0.7807165530294813,46.842993181768875
user3,68,4.756528700164338,0.11913647190217048,0.0798280014250597,0.09461789834694784,0.1798807581331879,0.2118239651865034,0.15808119914054655,0.058823529411764705,88.88888888888889,0.6295405632570448,37.772433795422685
user3,55,4.868955504387188,0.13754575035788796,0.11184588998812829,0.06909335101092304,0.12982397213955704,0.2075413597954644,0.09815841356594572,0.01818181818181818,100.0,0.7967381734451762,47.80429040671057
user3,75,4.22491883217068,0.1316351554763149,0.09968585793537389,0.10470217296055385,0.19079903007368682,0.2388097080024513,0.1649138551314518,0.12,100.0,0.5069902598604815,30.41941559162889
user3,50,4.358716078080001,0.13782105445861817,0.1116590045177118,0.09347377991189762,0.19553994128279117,0.23233595672918825,0.16295299749850733,0.02,77.77777777777779,0.7845688940544002,47.07413364326401
user3,67,5.19208570926553,0.12800096628958718,0.11463616780006441,0.08568356718335833,0.18093482511256592,0.19442854866837012,0.14818625262506166,0.029850746268656716,100.0,0.6974443490058175,41.846660940349054
user3,57,4.360107967487052,0.12879351565712377,0.11270134446274992,0.10235429235867091,0.1970630816431411,0.232168333871024,0.16457325902781592,0.03508771929824561,100.0,0.6884381001295347,41.30628600777208
user3,70,3.4735406853774617,0.12607866258763556,0.09198589160701669,0.1615739663441976,0.2966905740840533,0.2910322244616522,0.26035401154967425,0.08571428571428572,100.0,0.4465980881199594,26.795885287197564
user3,63,5.086776223998749,0.12810000202112032,0.0974792941911758,0.07865468093327113,0.14606437103716402,0.19831778926234092,0.1132146792094798,0.031746031746031744,100.0,0.726682317714107,43.600939062846415
user3,86,4.95390258899023,0.11591106482914516,0.09186281252937523,0.1195560676464136,0.255251831402329,0.20339241308324477,0.22449748446170836,0.09302325581395349,88.88888888888889,0.5184316662896753,31.105899977380517
user3,69,4.091329852591836,0.12182767840399258,0.09197144857576646,0.12439444485832662,0.28852472165835413,0.24670997787924373,0.26769469670031487,0.10144927536231885,100.0,0.533651719903283,32.01910319419698
user3,57,4.652680626369542,0.1168867327132315,0.07966885916639371,0.10486174546755277,0.16107319104898676,0.2176045434815543,0.13563774188879396,0.0,100.0,0.7346337831109803,44.07802698665881
user3,65,3.7963576434672985,0.1265360377728939,0.10608747817944726,0.1352447441646031,0.227190367339095,0.2663976922631264,0.19341645279888411,0.07692307692307693,100.0,0.5256495198647029,31.538971191882172
user3,56,4.548961773916927,0.11695833206176758,0.08286612847017755,0.09939669238196479,0.1846825344262797,0.2223675944588401,0.16190271149943422,0.017857142857142856,100.0,0.7310831422366489,43.864988534198936
user3,62,4.2276349466701895,0.1392734130223592,0.12372119963111243,0.09788900310710325,0.2583387354618421,0.2395038917416432,0.19969397706486583,0.03225806451612903,88.88888888888889,0.6136889438714791,36.82133663228875
user3,87,2.105045715768747,0.109498849936894,0.06883090224809611,0.38022191553230744,1.0696329896480918,0.47944751173950906,1.0506322664648744,0.034482758620689655,88.88888888888889,0.21776334990711174,13.065800994426704
user3,53,3.9623927058985378,0.1380562422410497,0.11311434939979355,0.11651491660338181,0.20723617090950278,0.25599889571850115,0.17483777488914265,0.0,88.88888888888889,0.6728591387374876,40.371548324249254
user3,72,5.8603666934816525,0.11370719153926058,0.07562866000130668,0.08098355164894691,0.1587116703994405,0.1720319499432201,0.14331847073855353,0.0,100.0,0.7325458366852066,43.952750201112394
user3,83,5.643350693046843,0.11523715655008952,0.09503135132525126,0.10178455998820643,0.16148470602206766,0.17855344749078517,0.1394938326642489,0.04819277108433735,100.0,0.6119295932219468,36.71577559331681
user3,53,4.594642481486823,0.12825717116301916,0.11486346840130769,0.0911066119487469,0.17908826539073944,0.22089699598459098,0.1271444885373414,0.0,100.0,0.7802223081770078,46.81333849062047
user6,70,0.2771583464158315,0.1880049126488822,0.12316116563665415,3.4696066690527876,19.0058630514541,3.6583613070888794,19.00411142919,0.12857142857142856,0.035634644539178334,2.1380786723507
user6,74,2.722092377429979,0.17023595859264506,0.12022921584255596,0.277618362192522,0.462136320322211,0.3709540955007893,0.39959174130015546,0.02702702702702703,88.88888888888889,0.3310652891468893,19.86391734881336
user6,66,2.3447404243086094,0.16983839237328732,0.10624127564920104,0.2605964807363657,0.43455961808214333,0.43164727504436784,0.3864426174867442,0.07575757575757576,100.0,0.31973733058753767,19.18423983525226
user6,66,2.3447404243086094,0.17004147442904385,0.10651105204701018,0.2603902743412898,0.434697864143804,0.43164727504436784,0.3863345865363836,0.07575757575757576,66.66666666666666,0.31973733058753767,19.18423983525226
user6,57,2.531084260592561,0.18037111975929954,0.14276815988208896,0.22311483489142525,0.40942222340495615,0.3998358164514814,0.34165377584425344,0.017543859649122806,88.88888888888889,0.39964488325145703,23.97869299508742
user6,72,0.3230369799530572,0.18081636571172457,0.12625350758191467,3.1837284817840112,15.53790852074886,3.1376858899291133,15.005280872142258,0.06944444444444445,66.66666666666666,0.04037962249413215,2.422777349647929
user6,67,2.552192262513144,0.1475090210254376,0.0801882525029445,0.2518085688352585,0.5240055717122714,0.3960191842281457,0.5031706556428136,0.07462686567164178,77.77777777777779,0.34283179645698947,20.569907787419368
user6,53,2.5123022712038305,0.17089230609389972,0.10424981252664393,0.2315172186264625,0.3798967089081537,0.4034930146657504,0.3390405455001132,0.0,88.88888888888889,0.4266173668081976,25.597042008491858
user6,63,2.5378195507525776,0.17638726083059159,0.12226119228902763,0.22116229995604483,0.35922322362670495,0.39781707717526343,0.31510242567530633,0.07936507936507936,77.77777777777779,0.3625456501075111,21.752739006450668
user6,71,2.5945520134148516,0.1730635166168213,0.11485191276361031,0.2536873509806971,0.44929640328147497,0.38934499195643835,0.3911247680221891,0.07042253521126761,100.0,0.3288868749399108,19.73321249639465
user6,58,2.6763807321331043,0.18737356827176851,0.1384002887164893,0.1895331625352826,0.2936451654450906,0.37878582352086115,0.24380150909607204,0.034482758620689655,100.0,0.41530045843444724,24.918027506066835
user6,68,2.8997296386590072,0.16875269918730765,0.09985248780811573,0.18099345794090857,0.30879320061189447,0.34822820905429214,0.2626589682559778,0.08823529411764706,88.88888888888889,0.38378774629310386,23.027264777586232
user6,60,2.2783426275020275,0.1769137700398763,0.10500498077661678,0.266442484774832,0.43683916473411516,0.44507785974922826,0.40664075370737,0.05,77.77777777777779,0.34175139412530414,20.505083647518248
user6,86,3.5604253671682877,0.1781903642122863,0.10750221335039419,0.1996071457862854,0.3726723729437344,0.2827419196858126,0.31671974701588534,0.046511627906976744,100.0,0.372602654703658,22.35615928221948
user6,71,2.807372979690222,0.18632325818461756,0.11798456714501443,0.21227290982105693,0.4003646927335887,0.3593685286385672,0.35686454190563993,0.056338028169014086,88.88888888888889,0.3558641805241126,21.351850831446757
user6,64,2.58036829796049,0.18633916601538658,0.13163924844670796,0.2043961002713158,0.39929477323097695,0.3917305620889815,0.3403321948226685,0.078125,88.88888888888889,0.3628642919006939,21.771857514041635
user6,67,2.4422390468458013,0.18163969623508738,0.11063237538731995,0.23127245903015137,0.3579242297588714,0.4137927040909276,0.3217702333003078,0.1044776119402985,88.88888888888889,0.32806196151660016,19.68371769099601
user6,63,2.2692877409787315,0.1982487988850427,0.11219839180730043,0.24632807316318636,0.5675182843017138,0.4456529924946447,0.5363612298617005,0.07936507936507936,88.88888888888889,0.32418396299696167,19.4510377798177
user6,54,2.4298491244896088,0.20298463768429226,0.13300889336779967,0.2124987098405946,0.42266444409177334,0.4163695641283719,0.3744695025643412,0.0,88.88888888888889,0.40497485408160144,24.298491244896088
user6,63,2.5009890666347414,0.2008892884330144,0.1482953474713115,0.20216143515802198,0.4769106257085323,0.4043329608055853,0.429559176785722,0.07936507936507936,100.0,0.3572841523763916,21.437049142583497
user6,70,2.624743497478885,0.19394607110456988,0.11062991806509832,0.26964895372037534,0.6362507297903219,0.38452389620352484,0.5537697631894191,0.014285714285714285,100.0,0.33746702110442806,20.248021266265685
user6,89,3.5514444334739483,0.22344241376783028,0.20880488070267605,0.1589563528696696,0.44493803143213273,0.2834568917751312,0.33203456552692967,0.06741573033707865,66.66666666666666,0.3591348303512981,21.548089821077888
user6,64,2.5449005743681097,0.24243525522095816,0.20422582097021402,0.19704049717296254,0.6023344994679368,0.3973912057422456,0.48624964956957195,0.015625,77.77777777777779,0.3578766432705154,21.472598596230924
user6,65,2.82883691266135,0.22892396073592336,0.1798136895537656,0.15524365646498545,0.5420010023507719,0.356802761554718,0.44713480505628606,0.03076923076923077,66.66666666666666,0.3916851109838792,23.501106659032754
user6,56,1.633680752587703,0.19479018024035863,0.1319422543190801,0.42491223595359107,1.5757154378057727,0.6213168187574907,1.5617630379926535,0.017857142857142856,100.0,0.2625558352373094,15.753350114238565
user6,61,2.5186087156756964,0.19177345369682938,0.14774228840819878,0.2086923360824585,0.6233539491649596,0.40193152030309043,0.5880760414515167,0.06557377049180328,88.88888888888889,0.3715980072308404,22.295880433850424
user6,59,2.8260245058084523,0.1878835360209147,0.13781357943741185,0.19034198095213692,0.4598576549451979,0.3576052641046458,0.40301039164962255,0.01694915254237288,77.77777777777779,0.43108848393688254,25.865309036212953
user6,61,2.6787291234481376,0.1793742687975774,0.12629810788805443,0.1971693714459737,0.3858983595483651,0.37778440713882444,0.3099039438313447,0.06557377049180328,100.0,0.3952223296890695,23.71333978134417
user6,59,2.6605966548448,0.18122765169305316,0.1264478990869358,0.1979835444483264,0.39057941526195866,0.3804297077244726,0.32904326516743987,0.05084745762711865,100.0,0.4058537270102237,24.35122362061342
user6,53,3.4741805166083104,0.1874505618833146,0.13264426949874736,0.10231762207471408,0.2787591530747407,0.2913195857634911,0.21924661150077365,0.0,100.0,0.5899551820655621,35.39731092393372
user6,65,2.693199710679583,0.18637236081636868,0.1455625073421316,0.18782277032732964,0.4855428746047255,0.37467214837670326,0.4341851884710289,0.09230769230769231,100.0,0.3729045753248653,22.37427451949192
user6,53,3.3909376931491386,0.20232322081080023,0.14500288608038864,0.09436085132452157,0.2242091321881905,0.29850064332668597,0.161471702391927,0.0,88.88888888888889,0.5758196082706084,34.549176496236505
user6,64,2.0892150556814735,0.20664986222982407,0.12950436142440233,0.27631624539693195,0.7583493859453659,0.48432876193334184,0.7401994500431106,0.078125,55.55555555555556,0.29379586720520723,17.627752032312433
user6,65,2.7382544619334785,0.21031682674701396,0.16834449426081874,0.15729931741952896,0.3453557449957199,0.3693310134112835,0.29197646282497425,0.07692307692307693,88.88888888888889,0.37914292549848166,22.7485755299089
user6,60,1.7272839043489292,0.2214826504389445,0.26966079259216663,0.36351963221016576,1.5424095324368314,0.5869579436415333,1.4870981206664138,0.05,66.66666666666666,0.2590925856523394,15.545555139140363
user6,83,4.075096431527219,0.21551532041831095,0.17342695331695046,0.09227554798126221,0.27217094414706533,0.2479953794944577,0.19749657164608833,0.04819277108433735,88.88888888888889,0.4418779263101803,26.512675578610818
user6,68,2.1279849211659516,0.19090009787503412,0.16790480797074442,0.28319264169949204,0.5305107928167894,0.4743492745641452,0.45334625492265906,0.14705882352941177,33.33333333333333,0.2816450630954936,16.898703785729616
user6,62,3.0949950900797902,0.21327517494078604,0.14985182835763888,0.11162755919284507,0.25447301465682287,0.3262266643711778,0.16859515451211762,0.06451612903225806,100.0,0.4492734808180341,26.956408849082045
user6,78,3.2380777597608374,0.20434537739820882,0.16462743518174355,0.12678959369659423,0.2997182960799323,0.3112490610642867,0.2273775055694694,0.11538461538461539,77.77777777777779,0.37362435689548124,22.417461413728873
user6,64,2.91016869225165,0.19737495481967926,0.1460329788951191,0.1485691297621954,0.33601321643111515,0.34717361510746064,0.28103551626185114,0.078125,100.0,0.40924247234788824,24.554548340873296
user6,58,2.871980194203389,0.18930441346661797,0.1373810718979101,0.16167490105879934,0.5003932974704534,0.3521583373086494,0.45460131590704306,0.05172413793103448,88.88888888888889,0.4456520991005259,26.739125946031553
user6,63,3.0662523809217133,0.19606457437787736,0.13921720411927566,0.1321642860289543,0.27192687570972224,0.32964987908640214,0.2020487905676543,0.07936507936507936,100.0,0.43803605441738763,26.28216326504326
user6,144,4.326155485343426,0.18119160558136416,0.11672775560981656,0.24360197612217493,0.5462236152519798,0.23207062107699733,0.39987496277115847,0.05555555555555555,88.88888888888889,0.2703847178339641,16.22308307003785
user6,72,2.803305594128857,0.18174327782222202,0.11902941965651974,0.17990036978237872,0.47021243691762576,0.3603561193170682,0.41830031907271076,0.1111111111111111,100.0,0.35041319926610714,21.02479195596643
user6,68,0.559255523574524,0.1902845396715052,0.14034365432679138,1.6216547382411672,10.946971058962017,1.8128010230277902,10.9331051425233,0.08823529411764706,100.0,0.07401911341427524,4.441146804856515
user6,66,3.3143725400136783,0.19562860519166977,0.14315883377733124,0.11312656248769452,0.29561033361775946,0.304141327051016,0.2477141012958791,0.06060606060606061,88.88888888888889,0.45195989182004703,27.117593509202823
user6,69,3.1086943606131086,0.20485817302357068,0.1554230955120713,0.18472120496961805,0.39988805752130147,0.32522467304678526,0.3515647005163437,0.014492753623188406,66.66666666666666,0.40548187312344897,24.328912387406938
user6,57,2.171705132236109,0.19057230363812364,0.1340428131585644,0.27471492545945303,0.6206398707313744,0.4669554446424757,0.5592433286539483,0.03508771929824561,77.77777777777779,0.34290081035306985,20.57404862118419
user6,55,2.4975002177995362,0.19997692108154297,0.148300793541424,0.20413498966782181,0.4619251605777427,0.4057478330753468,0.39454910597309223,0.01818181818181818,100.0,0.40868185382174227,24.520911229304538
user6,58,3.571909330188682,0.19938776178180045,0.15448665778196533,0.08745737717701839,0.24523448024811292,0.28248055775960285,0.17350618699043407,0.0,88.88888888888889,0.5542617926154851,33.25570755692911
user6,75,2.951453640607287,0.21516199697527968,0.1680715468676036,0.21551509414400374,0.5963407716290245,0.34307866160934036,0.48947198274954257,0.02666666666666667,88.88888888888889,0.3541744368728745,21.25046621237247
user6,60,2.3827383854538513,0.1874083121617635,0.14175611055211537,0.23621376894288143,0.4620474041785989,0.4242404072971667,0.3901591021825184,0.05,100.0,0.3574107578180777,21.444645469084662
user6,53,2.6720371985354805,0.19309458642635705,0.13858459066956624,0.1846353870171767,0.4103228468309575,0.3787580086634709,0.353400165984033,0.0,100.0,0.45374216578904386,27.22452994734263
user6,66,3.334984706002982,0.18716334539746482,0.12904583075287435,0.11974645814587993,0.2568408405017942,0.3025086733011099,0.18969871784526865,0.07575757575757576,88.88888888888889,0.45477064172767934,27.286238503660762
user6,75,3.124280905084909,0.18779778480529785,0.1266347685261358,0.17187818884849548,0.3707871611290209,0.3220206885724454,0.3124672879647127,0.05333333333333334,66.66666666666666,0.3749137086101891,22.494822516611343
user6,59,2.8335097445433393,0.19888669353420452,0.1720819547430557,0.15668824212304477,0.342728041658976,0.35678822829805573,0.25710554418109927,0.05084745762711865,88.88888888888889,0.4322303000150856,25.933818000905138
user6,55,3.7240329197632307,0.20890880064530806,0.17579134608524738,0.06072131351188377,0.1968711073306585,0.27144304469779684,0.09845806086315746,0.01818181818181818,88.88888888888889,0.609387205052165,36.5632323031299
user6,121,3.1676035552326978,0.1635861942567021,0.09419708139374837,0.27306864610532433,0.4447054686145393,0.31721270879109703,0.3863166932530796,0.11570247933884298,88.88888888888889,0.23560687600904365,14.136412560542619
user6,77,2.981273326232009,0.16875899027264307,0.09806769755666242,0.22195899486541748,0.42801710413148264,0.3381506737909819,0.36669462254958796,0.06493506493506493,88.88888888888889,0.34846051865049454,20.907631119029674
user6,83,2.7182052622258155,0.18958839163722763,0.1583221934174774,0.18047581940162472,0.36491364474220217,0.37043893918758486,0.298145929970187,0.1566265060240964,100.0,0.2947451489160523,17.684708934963137
user6,79,2.8251436046387055,0.19162329560831973,0.14112492205128496,0.1709305731455485,0.3449355313870296,0.35682186713585484,0.2821457799051349,0.13924050632911392,100.0,0.3218518030601057,19.31110818360634
user6,120,1.173005375031985,0.1927204228410817,0.1661412955598834,0.837081563716032,2.4496194620351535,0.8587787291582893,2.2491410140012915,0.16666666666666666,100.0,0.08797540312739888,5.278524187643932
user6,57,2.5156260384210145,0.262265121727659,0.5285617269310421,0.13766542502811976,0.5638688959069706,0.40252064381326946,0.48068562170137685,0.03508771929824561,100.0,0.3972041113296339,23.832246679778034
user6,61,2.9628118410964794,0.20283608749264576,0.2133981668323141,0.1369258125623067,0.3177769443005521,0.3412778973579407,0.20069289490189993,0.06557377049180328,100.0,0.43713617327652976,26.228170396591786
user6,66,2.6047076638234223,0.1622236178471492,0.10360686126084213,0.22313501685857773,0.3763237756852007,0.387912471477802,0.33388241594729223,0.07575757575757576,100.0,0.355187408703194,21.31124452219164
user6,67,2.8221006207331825,0.17796440622699794,0.11049448920684615,0.17905401822292444,0.24595764387865218,0.35811772129752417,0.20977272514291798,0.07462686567164178,100.0,0.3790881430835618,22.745288585013707
user6,82,2.6266841388463815,0.188575730091188,0.14319034456560306,0.1945044023019296,0.432771877606656,0.3842963259897114,0.38876097269321347,0.15853658536585366,77.77777777777779,0.28829460060509066,17.29767603630544
user6,66,2.632178615752054,0.1808854377630985,0.11645199334116627,0.2020899589245136,0.33520260461755114,0.3837612225459172,0.286097396728223,0.09090909090909091,100.0,0.35893344760255286,21.536006856153172
user6,53,3.201342184550808,0.21101846784915565,0.1623844691750966,0.10329956274766189,0.2795337444300118,0.3160539177747873,0.2047586482244003,0.0,100.0,0.5436241445463635,32.61744867278181
user6,80,4.205030401800433,0.18472288738597523,0.10854408702195854,0.14006939199235705,0.29338676275689957,0.2394983466667465,0.24539046295287392,0.0125,100.0,0.4730659202025487,28.38395521215292
user6,63,3.2353115427121093,0.18619621009157414,0.1318863639374672,0.13736558386257716,0.3303976207483252,0.31205977547553276,0.27058236291373505,0.015873015873015872,77.77777777777779,0.46218736324458704,27.73124179467522
user6,59,2.654619680824445,0.19957192873550675,0.14082866293430107,0.18018382993237725,0.4042978680037853,0.3815071623900841,0.35692029238191875,0.05084745762711865,100.0,0.4049419852105086,24.296519112630516
user6,58,3.054774741822987,0.2070183959500543,0.16240563408295688,0.12244917635332074,0.2644856166835478,0.3322499425787675,0.19255666661597146,0.034482758620689655,100.0,0.4740167702828773,28.44100621697264
user6,117,3.285071751883902,0.1764810609293508,0.12085860809774504,0.20233332580990263,0.34256693547038836,0.3059673884819294,0.29303517604520973,0.15384615384615385,100.0,0.25269782706799243,15.161869624079547
user6,66,2.8558342748273344,0.19358470326378233,0.16404335678344575,0.16673010395419213,0.39391544968939873,0.35535912880530723,0.32343278705528994,0.07575757575757576,100.0,0.3894319465673638,23.365916794041826
user6,57,2.910941352395623,0.18109229991310521,0.11754826463039762,0.16533988288470677,0.32238647594390796,0.34748890144484385,0.26330990219700845,0.03508771929824561,100.0,0.4596223187993089,27.577339127958535
user6,63,2.908334087544371,0.1715415016053215,0.11809780073956669,0.17507694998095114,0.27467456663488393,0.34813830929417766,0.21549460525900513,0.06349206349206349,100.0,0.4154762982206244,24.928577893237463
user6,63,3.0696853168056175,0.19074655732800883,0.16356142771590246,0.1379551770257168,0.28786728494080416,0.3293501984688543,0.19476591627548193,0.07936507936507936,88.88888888888889,0.43852647382937393,26.311588429762438
user6,61,3.018729303518645,0.19487356357887142,0.1584623789375414,0.1386648416519165,0.2955778288932491,0.33504596948623655,0.21149028478746668,0.06557377049180328,100.0,0.4453862906830787,26.723177440984724
user6,98,3.949407450223357,0.17011235157648721,0.1079990480671713,0.14445775999149807,0.30941546236394435,0.254346958140737,0.25977823469328815,0.09183673469387756,100.0,0.36270068420418583,21.76204105225115
user6,100,3.978326351389734,0.18133332541114405,0.14847494159918373,0.12778013865152996,0.2792392138924751,0.25260815716753104,0.21760296542460247,0.11,88.88888888888889,0.35804937162507605,21.482962297504564
user6,66,1.7509821852544087,0.18274451385844837,0.12641545206714577,0.394338347361638,0.9089385872281353,0.5777766484480638,0.8802490356496906,0.09090909090909091,100.0,0.23877029798923755,14.326217879354253
user6,78,2.1780477511205767,0.19448706736931434,0.19797899860599413,0.26807656845489103,0.8244313354376646,0.46350006933336135,0.7799114219237646,0.15384615384615385,100.0,0.25131320205237423,15.078792123142454
user6,59,2.5721879949519977,0.1979927472900926,0.13848965200081712,0.19814062970025198,0.8103625982222756,0.3938216834232725,0.7684855339753643,0.03389830508474576,100.0,0.3923676602469149,23.542059614814892
user6,100,4.238266521442963,0.19346320445720966,0.19430980077497198,0.13888657838106155,0.31156279511083973,0.23706438324668191,0.24448258758427752,0.04,77.77777777777779,0.38144398692986664,22.886639215792
user6,124,6.718525840679461,0.18861645572590377,0.14252549171751375,0.09930157661437988,0.22464307254408128,0.1490104838115413,0.1663662940682992,0.0,100.0,0.4876349400493157,29.25809640295894
user6,61,2.788498152933974,0.18284324407577515,0.12168165569108248,0.17629917193267305,0.2869804160849376,0.3624439835548401,0.24897570526015864,0.04918032786885246,88.88888888888889,0.41141776026894694,24.685065616136818
user6,81,2.644816895744802,0.18231753900017536,0.13308544337337197,0.2342247724533081,0.5774769649434249,0.38155857026576995,0.5134770036303709,0.09876543209876543,77.77777777777779,0.2938685439716447,17.632112638298683
user6,65,1.7589797080288543,0.16781124100089073,0.124939623506635,0.40813446044921875,1.5923136031235405,0.5759710557758808,1.5548550426916876,0.07692307692307693,88.88888888888889,0.2435510364963029,14.613062189778173
user6,83,3.140606068807362,0.15750575756681137,0.09581328691283117,0.2078934767666985,0.3308258416313787,0.3209019724915667,0.2867200408493454,0.0963855421686747,100.0,0.34054764601525617,20.43285876091537
user6,78,2.6718310111867116,0.18490104993184409,0.13953881525962128,0.19925149711402687,0.3853488374590004,0.3768646035875593,0.32510033089230983,0.1282051282051282,100.0,0.3082881935984667,18.497291615908004
user6,56,2.5082146555086626,0.1825961172580719,0.12355364085795213,0.2200228214263916,0.42920430427420836,0.4024847940965132,0.37668796402540106,0.07142857142857142,22.22222222222222,0.4031059267781779,24.186355606690675
user6,76,2.349764793609136,0.17689621448516846,0.1275970939503491,0.2519940058390299,0.39309872896241105,0.42844242095947266,0.3402662657750724,0.14473684210526316,100.0,0.27826162029581875,16.695697217749125
user6,65,2.8959666074350703,0.18799544847928562,0.13631369746050434,0.1597704067826271,0.3135664009461837,0.3493417501449585,0.2504966167387991,0.09230769230769231,100.0,0.40097999179870203,24.05879950792212
user6,60,2.878704679530416,0.21851733128229778,0.26077710626902284,0.13104521622092036,0.44339621390343537,0.35100794242600264,0.32557034214765096,0.05,100.0,0.43180570192956236,25.908342115773742
user6,74,2.474089537732647,0.18169518419214198,0.1271798731746099,0.22554176800871548,0.40680505117051335,0.40706905600142806,0.35564652060757934,0.13513513513513514,88.88888888888889,0.3009027816161327,18.054166896967963
user6,81,2.6304062959796966,0.17629565132988823,0.13599179915630802,0.20642217695713044,0.4098135895041074,0.38183478713035585,0.35038924311166425,0.16049382716049382,100.0,0.29226736621996624,17.536041973197975
user6,80,2.4746826205455603,0.18782272636890412,0.13846569032140799,0.21900708464127552,0.41509293548638654,0.40740613997737063,0.3591150637545117,0.1625,100.0,0.27840179481137556,16.704107688682534
user6,62,2.397479301841509,0.1852132910389011,0.11637443778273782,0.24752412171199403,0.6049588455705075,0.4218619885991831,0.5454786533416723,0.04838709677419355,100.0,0.3480211889769932,20.88127133861959
user6,57,3.179850050408019,0.1731780453732139,0.12770702230022715,0.14382544585636683,0.3102308410988335,0.31847905686923433,0.24511083082671098,0.03508771929824561,100.0,0.5020815869065294,30.124895214391763
user6,136,2.6724251934914554,0.1556303395944483,0.11752161073621488,0.22018058741534197,0.5992667890055462,0.37615039613511825,0.5624444249247957,0.2867647058823529,100.0,0.1768516672163463,10.611100032980778


